{"type": "FeatureCollection", "features": [{"type": "Feature", "properties": {"id": "restaurant_001", "name": "Al Andalus Gelato", "category": "Restaurant", "address": "129 El Guish Road", "district": "Nasr City", "opening_hours": "11:00-01:00", "phone": "+20-2-8306-6095", "website": "https://alandalusgelato.example.com"}, "geometry": {"type": "Point", "coordinates": [31.19478, 29.980394]}}, {"type": "Feature", "properties": {"id": "restaurant_002", "name": "El Yasmin Shawarma", "category": "Restaurant", "address": "57 Ramses Avenue", "district": "Industrial Zone", "opening_hours": "11:00-01:00", "phone": "+20-2-9842-3188", "website": "https://elyasminshawarma.example.com"}, "geometry": {"type": "Point", "coordinates": [31.193335, 29.978083]}}, {"type": "Feature", "properties": {"id": "restaurant_003", "name": "El Yasmin Oriental Kitchen", "category": "Restaurant", "address": "180 Makram Ebeid Street", "district": "Nasr City", "opening_hours": "11:00-01:00", "phone": "+20-2-9477-8714", "website": "https://elyasminorientalkitchen.example.com"}, "geometry": {"type": "Point", "coordinates": [31.196792, 29.982792]}}, {"type": "Feature", "properties": {"id": "restaurant_004", "name": "El Nasr Gelato", "category": "Restaurant", "address": "194 El Thawra Street", "district": "Nasr City", "opening_hours": "11:00-01:00", "phone": "+20-2-9152-2341", "website": "https://elnasrgelato.example.com"}, "geometry": {"type": "Point", "coordinates": [31.198348, 29.980628]}}, {"type": "Feature", "properties": {"id": "restaurant_005", "name": "Al Nozha Koshary", "category": "Restaurant", "address": "16 El Nasr Road", "district": "Nasr City", "opening_hours": "11:00-01:00", "phone": "+20-2-6486-9281", "website": "https://alnozhakoshary.example.com"}, "geometry": {"type": "Point", "coordinates": [31.200912, 29.984821]}}, {"type": "Feature", "properties": {"id": "restaurant_006", "name": "Al Zahraa Pizzeria", "category": "Restaurant", "address": "30 Gamal Abdel Nasser Road", "district": "Nasr City", "opening_hours": "11:00-01:00", "phone": "+20-2-3682-9008", "website": "https://alzahraapizzeria.example.com"}, "geometry": {"type": "Point", "coordinates": [31.202981, 29.985769]}}, {"type": "Feature", "properties": {"id": "restaurant_007", "name": "Al Ahram Seafood", "category": "Restaurant", "address": "132 El Merghany Street", "district": "Nasr City", "opening_hours": "11:00-01:00", "phone": "+20-2-5742-1945", "website": "https://alahramseafood.example.com"}, "geometry": {"type": "Point", "coordinates": [31.208075, 29.988499]}}, {"type": "Feature", "properties": {"id": "restaurant_008", "name": "Al Noor Oriental Kitchen", "category": "Restaurant", "address": "66 El Nasr Road", "district": "Nasr City", "opening_hours": "11:00-01:00", "phone": "+20-2-2024-4570", "website": "https://alnoororientalkitchen.example.com"}, "geometry": {"type": "Point", "coordinates": [31.204998, 29.987125]}}, {"type": "Feature", "properties": {"id": "restaurant_009", "name": "Al Nahda Fseekh", "category": "Restaurant", "address": "16 El Nil Street", "district": "Nasr City", "opening_hours": "11:00-01:00", "phone": "+20-2-9649-8734", "website": "https://alnahdafseekh.example.com"}, "geometry": {"type": "Point", "coordinates": [31.210377, 29.989482]}}, {"type": "Feature", "properties": {"id": "restaurant_010", "name": "Al Basma Bakery", "category": "Restaurant", "address": "166 El Merghany Street", "district": "Nasr City", "opening_hours": "11:00-01:00", "phone": "+20-2-5067-7266", "website": "https://albasmabakery.example.com"}, "geometry": {"type": "Point", "coordinates": [31.212358, 29.990353]}}, {"type": "Feature", "properties": {"id": "restaurant_011", "name": "Al Nahda Gelato", "category": "Restaurant", "address": "170 El Nasr Road", "district": "Nasr City", "opening_hours": "11:00-01:00", "phone": "+20-2-6417-3178", "website": "https://alnahdagelato.example.com"}, "geometry": {"type": "Point", "coordinates": [31.213036, 29.992865]}}, {"type": "Feature", "properties": {"id": "restaurant_012", "name": "El Rehab Oriental Kitchen", "category": "Restaurant", "address": "136 El Horreya Road", "district": "Nasr City", "opening_hours": "11:00-01:00", "phone": "+20-2-7962-4648", "website": "https://elrehaborientalkitchen.example.com"}, "geometry": {"type": "Point", "coordinates": [31.214526, 29.99182]}}, {"type": "Feature", "properties": {"id": "restaurant_013", "name": "Al Ahram Gelato", "category": "Restaurant", "address": "185 Makram Ebeid Street", "district": "Nasr City", "opening_hours": "11:00-01:00", "phone": "+20-2-5474-9715", "website": "https://alahramgelato.example.com"}, "geometry": {"type": "Point", "coordinates": [31.220533, 29.993173]}}, {"type": "Feature", "properties": {"id": "restaurant_014", "name": "Al Amal Cafe", "category": "Restaurant", "address": "49 El Guish Road", "district": "Nasr City", "opening_hours": "11:00-01:00", "phone": "+20-2-8270-2848", "website": "https://alamalcafe.example.com"}, "geometry": {"type": "Point", "coordinates": [31.218737, 29.995883]}}, {"type": "Feature", "properties": {"id": "restaurant_015", "name": "Al Noor Kebab House", "category": "Restaurant", "address": "53 El Nil Street", "district": "Nasr City", "opening_hours": "11:00-01:00", "phone": "+20-2-2826-1550", "website": "https://alnoorkebabhouse.example.com"}, "geometry": {"type": "Point", "coordinates": [31.225567, 29.997808]}}, {"type": "Feature", "properties": {"id": "restaurant_016", "name": "El Nasr Bakery", "category": "Restaurant", "address": "12 El Merghany Street", "district": "Nasr City", "opening_hours": "11:00-01:00", "phone": "+20-2-5595-4839", "website": "https://elnasrbakery.example.com"}, "geometry": {"type": "Point", "coordinates": [31.221978, 29.998144]}}, {"type": "Feature", "properties": {"id": "restaurant_017", "name": "Al Amal Fseekh", "category": "Restaurant", "address": "75 Ramses Avenue", "district": "Nasr City", "opening_hours": "11:00-01:00", "phone": "+20-2-8682-6224", "website": "https://alamalfseekh.example.com"}, "geometry": {"type": "Point", "coordinates": [31.226032, 29.999557]}}, {"type": "Feature", "properties": {"id": "restaurant_018", "name": "El Nasr Cafe", "category": "Restaurant", "address": "37 Gamal Abdel Nasser Road", "district": "Nasr City", "opening_hours": "11:00-01:00", "phone": "+20-2-6270-4621", "website": "https://elnasrcafe.example.com"}, "geometry": {"type": "Point", "coordinates": [31.226175, 29.999129]}}, {"type": "Feature", "properties": {"id": "restaurant_019", "name": "Al Nozha Bakery", "category": "Restaurant", "address": "45 Gamal Abdel Nasser Road", "district": "Downtown", "opening_hours": "11:00-01:00", "phone": "+20-2-7560-7999", "website": "https://alnozhabakery.example.com"}, "geometry": {"type": "Point", "coordinates": [31.231277, 30.003244]}}, {"type": "Feature", "properties": {"id": "restaurant_020", "name": "Al Basma Gelato", "category": "Restaurant", "address": "98 Port Said Street", "district": "Downtown", "opening_hours": "11:00-01:00", "phone": "+20-2-6296-6222", "website": "https://albasmagelato.example.com"}, "geometry": {"type": "Point", "coordinates": [31.231583, 30.002123]}}, {"type": "Feature", "properties": {"id": "restaurant_021", "name": "El Fardous Fseekh", "category": "Restaurant", "address": "122 Ramses Avenue", "district": "Downtown", "opening_hours": "11:00-01:00", "phone": "+20-2-8957-4692", "website": "https://elfardousfseekh.example.com"}, "geometry": {"type": "Point", "coordinates": [31.236042, 30.004034]}}, {"type": "Feature", "properties": {"id": "restaurant_022", "name": "El Salam Fseekh", "category": "Restaurant", "address": "106 El Merghany Street", "district": "Downtown", "opening_hours": "11:00-01:00", "phone": "+20-2-6565-9683", "website": "https://elsalamfseekh.example.com"}, "geometry": {"type": "Point", "coordinates": [31.235891, 30.006749]}}, {"type": "Feature", "properties": {"id": "restaurant_023", "name": "Al Basma Koshary", "category": "Restaurant", "address": "116 El Nasr Road", "district": "Downtown", "opening_hours": "11:00-01:00", "phone": "+20-2-5039-2514", "website": "https://albasmakoshary.example.com"}, "geometry": {"type": "Point", "coordinates": [31.241466, 30.008148]}}, {"type": "Feature", "properties": {"id": "restaurant_024", "name": "Al Andalus Gelato 2", "category": "Restaurant", "address": "155 El Thawra Street", "district": "Downtown", "opening_hours": "11:00-01:00", "phone": "+20-2-2323-2192", "website": "https://alandalusgelato2.example.com"}, "geometry": {"type": "Point", "coordinates": [31.238633, 30.007362]}}, {"type": "Feature", "properties": {"id": "restaurant_025", "name": "El Rehab Kebab House", "category": "Restaurant", "address": "123 Ramses Avenue", "district": "Downtown", "opening_hours": "11:00-01:00", "phone": "+20-2-9122-6455", "website": "https://elrehabkebabhouse.example.com"}, "geometry": {"type": "Point", "coordinates": [31.245775, 30.011583]}}, {"type": "Feature", "properties": {"id": "restaurant_026", "name": "Al Rahma Bakery", "category": "Restaurant", "address": "31 El Guish Road", "district": "Downtown", "opening_hours": "11:00-01:00", "phone": "+20-2-8179-8846", "website": "https://alrahmabakery.example.com"}, "geometry": {"type": "Point", "coordinates": [31.244239, 30.010833]}}, {"type": "Feature", "properties": {"id": "restaurant_027", "name": "Al Andalus Kebab House", "category": "Restaurant", "address": "142 Salah Salem Road", "district": "Downtown", "opening_hours": "11:00-01:00", "phone": "+20-2-8353-5637", "website": "https://alandaluskebabhouse.example.com"}, "geometry": {"type": "Point", "coordinates": [31.24665, 30.009141]}}, {"type": "Feature", "properties": {"id": "restaurant_028", "name": "Al Manar Bistro", "category": "Restaurant", "address": "132 Abbas El Akkad Street", "district": "Downtown", "opening_hours": "11:00-01:00", "phone": "+20-2-5817-2615", "website": "https://almanarbistro.example.com"}, "geometry": {"type": "Point", "coordinates": [31.243815, 30.010763]}}, {"type": "Feature", "properties": {"id": "restaurant_029", "name": "Al Waha Kebab House", "category": "Restaurant", "address": "95 Salah Salem Road", "district": "Downtown", "opening_hours": "11:00-01:00", "phone": "+20-2-5390-1749", "website": "https://alwahakebabhouse.example.com"}, "geometry": {"type": "Point", "coordinates": [31.249892, 30.017493]}}, {"type": "Feature", "properties": {"id": "restaurant_030", "name": "Al Manar Fseekh", "category": "Restaurant", "address": "150 El Thawra Street", "district": "Downtown", "opening_hours": "11:00-01:00", "phone": "+20-2-7898-7841", "website": "https://almanarfseekh.example.com"}, "geometry": {"type": "Point", "coordinates": [31.248293, 30.01887]}}, {"type": "Feature", "properties": {"id": "restaurant_031", "name": "Al Nozha Kebab House", "category": "Restaurant", "address": "128 Makram Ebeid Street", "district": "Downtown", "opening_hours": "11:00-01:00", "phone": "+20-2-7362-6530", "website": "https://alnozhakebabhouse.example.com"}, "geometry": {"type": "Point", "coordinates": [31.253223, 30.029207]}}, {"type": "Feature", "properties": {"id": "restaurant_032", "name": "Al Basma Bakery 2", "category": "Restaurant", "address": "126 Abbas El Akkad Street", "district": "Downtown", "opening_hours": "11:00-01:00", "phone": "+20-2-3378-6770", "website": "https://albasmabakery2.example.com"}, "geometry": {"type": "Point", "coordinates": [31.253401, 30.030433]}}, {"type": "Feature", "properties": {"id": "restaurant_033", "name": "El Rehab Gelato", "category": "Restaurant", "address": "16 Makram Ebeid Street", "district": "Downtown", "opening_hours": "11:00-01:00", "phone": "+20-2-2277-2217", "website": "https://elrehabgelato.example.com"}, "geometry": {"type": "Point", "coordinates": [31.258706, 30.038661]}}, {"type": "Feature", "properties": {"id": "restaurant_034", "name": "El Gomhoria Seafood", "category": "Restaurant", "address": "216 Gamal Abdel Nasser Road", "district": "Downtown", "opening_hours": "11:00-01:00", "phone": "+20-2-3895-2113", "website": "https://elgomhoriaseafood.example.com"}, "geometry": {"type": "Point", "coordinates": [31.259511, 30.036901]}}, {"type": "Feature", "properties": {"id": "restaurant_035", "name": "El Yasmin Grill", "category": "Restaurant", "address": "159 Gamal Abdel Nasser Road", "district": "Downtown", "opening_hours": "11:00-01:00", "phone": "+20-2-7462-8916", "website": "https://elyasmingrill.example.com"}, "geometry": {"type": "Point", "coordinates": [31.26183, 30.045359]}}, {"type": "Feature", "properties": {"id": "restaurant_036", "name": "El Gomhoria Grill", "category": "Restaurant", "address": "5 Makram Ebeid Street", "district": "Downtown", "opening_hours": "11:00-01:00", "phone": "+20-2-7916-5501", "website": "https://elgomhoriagrill.example.com"}, "geometry": {"type": "Point", "coordinates": [31.261648, 30.045489]}}, {"type": "Feature", "properties": {"id": "restaurant_037", "name": "Al Safwa Gelato", "category": "Restaurant", "address": "111 Port Said Street", "district": "Zamalek Isle", "opening_hours": "11:00-01:00", "phone": "+20-2-9698-3937", "website": "https://alsafwagelato.example.com"}, "geometry": {"type": "Point", "coordinates": [31.265121, 30.055532]}}, {"type": "Feature", "properties": {"id": "restaurant_038", "name": "Al Rahma Shawarma", "category": "Restaurant", "address": "135 El Ahram Street", "district": "Zamalek Isle", "opening_hours": "11:00-01:00", "phone": "+20-2-8678-6807", "website": "https://alrahmashawarma.example.com"}, "geometry": {"type": "Point", "coordinates": [31.266878, 30.056319]}}, {"type": "Feature", "properties": {"id": "restaurant_039", "name": "Al Andalus Pizzeria", "category": "Restaurant", "address": "145 Ramses Avenue", "district": "Zamalek Isle", "opening_hours": "11:00-01:00", "phone": "+20-2-7711-4700", "website": "https://alandaluspizzeria.example.com"}, "geometry": {"type": "Point", "coordinates": [31.270352, 30.066135]}}, {"type": "Feature", "properties": {"id": "restaurant_040", "name": "Al Basma Grill", "category": "Restaurant", "address": "24 El Merghany Street", "district": "Zamalek Isle", "opening_hours": "11:00-01:00", "phone": "+20-2-5106-7179", "website": "https://albasmagrill.example.com"}, "geometry": {"type": "Point", "coordinates": [31.26983, 30.065637]}}, {"type": "Feature", "properties": {"id": "restaurant_041", "name": "El Fardous Koshary", "category": "Restaurant", "address": "128 El Nasr Road", "district": "Zamalek Isle", "opening_hours": "11:00-01:00", "phone": "+20-2-5554-6427", "website": "https://elfardouskoshary.example.com"}, "geometry": {"type": "Point", "coordinates": [31.274062, 30.073987]}}, {"type": "Feature", "properties": {"id": "restaurant_042", "name": "Al Zahraa Grill", "category": "Restaurant", "address": "59 Ramses Avenue", "district": "Zamalek Isle", "opening_hours": "11:00-01:00", "phone": "+20-2-9383-8790", "website": "https://alzahraagrill.example.com"}, "geometry": {"type": "Point", "coordinates": [31.272712, 30.073888]}}, {"type": "Feature", "properties": {"id": "restaurant_043", "name": "Al Manar Fseekh 2", "category": "Restaurant", "address": "145 Gamal Abdel Nasser Road", "district": "Zamalek Isle", "opening_hours": "11:00-01:00", "phone": "+20-2-2269-3938", "website": "https://almanarfseekh2.example.com"}, "geometry": {"type": "Point", "coordinates": [31.278689, 30.084964]}}, {"type": "Feature", "properties": {"id": "restaurant_044", "name": "Al Nozha Seafood", "category": "Restaurant", "address": "193 El Nasr Road", "district": "Zamalek Isle", "opening_hours": "11:00-01:00", "phone": "+20-2-7838-7525", "website": "https://alnozhaseafood.example.com"}, "geometry": {"type": "Point", "coordinates": [31.280091, 30.082427]}}, {"type": "Feature", "properties": {"id": "restaurant_045", "name": "Al Nozha Oriental Kitchen", "category": "Restaurant", "address": "174 Makram Ebeid Street", "district": "Zamalek Isle", "opening_hours": "11:00-01:00", "phone": "+20-2-4717-7288", "website": "https://alnozhaorientalkitchen.example.com"}, "geometry": {"type": "Point", "coordinates": [31.284316, 30.091873]}}, {"type": "Feature", "properties": {"id": "restaurant_046", "name": "El Karma Koshary", "category": "Restaurant", "address": "129 El Guish Road", "district": "Zamalek Isle", "opening_hours": "11:00-01:00", "phone": "+20-2-9981-6666", "website": "https://elkarmakoshary.example.com"}, "geometry": {"type": "Point", "coordinates": [31.283281, 30.090364]}}, {"type": "Feature", "properties": {"id": "restaurant_047", "name": "Al Waha Shawarma", "category": "Restaurant", "address": "197 El Thawra Street", "district": "Zamalek Isle", "opening_hours": "11:00-01:00", "phone": "+20-2-9822-7499", "website": "https://alwahashawarma.example.com"}, "geometry": {"type": "Point", "coordinates": [31.288859, 30.102294]}}, {"type": "Feature", "properties": {"id": "restaurant_048", "name": "Al Ahram Pizzeria", "category": "Restaurant", "address": "59 Salah Salem Road", "district": "Zamalek Isle", "opening_hours": "11:00-01:00", "phone": "+20-2-6530-7150", "website": "https://alahrampizzeria.example.com"}, "geometry": {"type": "Point", "coordinates": [31.28871, 30.101363]}}, {"type": "Feature", "properties": {"id": "restaurant_049", "name": "Al Nahda Shawarma", "category": "Restaurant", "address": "76 Port Said Street", "district": "Zamalek Isle", "opening_hours": "11:00-01:00", "phone": "+20-2-4018-2204", "website": "https://alnahdashawarma.example.com"}, "geometry": {"type": "Point", "coordinates": [31.290027, 30.1115]}}, {"type": "Feature", "properties": {"id": "restaurant_050", "name": "Al Basma Seafood", "category": "Restaurant", "address": "190 El Merghany Street", "district": "Zamalek Isle", "opening_hours": "11:00-01:00", "phone": "+20-2-4594-6909", "website": "https://albasmaseafood.example.com"}, "geometry": {"type": "Point", "coordinates": [31.292543, 30.111666]}}, {"type": "Feature", "properties": {"id": "restaurant_051", "name": "El Shorouk Pizzeria", "category": "Restaurant", "address": "93 Port Said Street", "district": "Downtown", "opening_hours": "11:00-01:00", "phone": "+20-2-4209-2674", "website": "https://elshoroukpizzeria.example.com"}, "geometry": {"type": "Point", "coordinates": [31.233228, 29.975166]}}, {"type": "Feature", "properties": {"id": "restaurant_052", "name": "Al Ahram Fseekh", "category": "Restaurant", "address": "143 Makram Ebeid Street", "district": "Downtown", "opening_hours": "11:00-01:00", "phone": "+20-2-5342-2692", "website": "https://alahramfseekh.example.com"}, "geometry": {"type": "Point", "coordinates": [31.234005, 29.987992]}}, {"type": "Feature", "properties": {"id": "restaurant_053", "name": "Al Nahda Shawarma 2", "category": "Restaurant", "address": "154 Port Said Street", "district": "Downtown", "opening_hours": "11:00-01:00", "phone": "+20-2-4657-7311", "website": "https://alnahdashawarma2.example.com"}, "geometry": {"type": "Point", "coordinates": [31.230826, 29.999716]}}, {"type": "Feature", "properties": {"id": "restaurant_054", "name": "Al Nahda Bakery", "category": "Restaurant", "address": "144 Ramses Avenue", "district": "Downtown", "opening_hours": "11:00-01:00", "phone": "+20-2-6685-9537", "website": "https://alnahdabakery.example.com"}, "geometry": {"type": "Point", "coordinates": [31.230409, 30.003932]}}, {"type": "Feature", "properties": {"id": "restaurant_055", "name": "Al Amal Cafe 2", "category": "Restaurant", "address": "78 El Ahram Street", "district": "Downtown", "opening_hours": "11:00-01:00", "phone": "+20-2-6039-3390", "website": "https://alamalcafe2.example.com"}, "geometry": {"type": "Point", "coordinates": [31.235114, 30.001604]}}, {"type": "Feature", "properties": {"id": "restaurant_056", "name": "El Gomhoria Cafe", "category": "Restaurant", "address": "124 Port Said Street", "district": "Downtown", "opening_hours": "11:00-01:00", "phone": "+20-2-2630-6916", "website": "https://elgomhoriacafe.example.com"}, "geometry": {"type": "Point", "coordinates": [31.231933, 30.005401]}}, {"type": "Feature", "properties": {"id": "restaurant_057", "name": "Al Basma Pizzeria", "category": "Restaurant", "address": "153 El Thawra Street", "district": "Downtown", "opening_hours": "11:00-01:00", "phone": "+20-2-3601-8501", "website": "https://albasmapizzeria.example.com"}, "geometry": {"type": "Point", "coordinates": [31.237571, 29.99216]}}, {"type": "Feature", "properties": {"id": "restaurant_058", "name": "Al Andalus Bistro", "category": "Restaurant", "address": "216 El Thawra Street", "district": "Downtown", "opening_hours": "11:00-01:00", "phone": "+20-2-5112-6399", "website": "https://alandalusbistro.example.com"}, "geometry": {"type": "Point", "coordinates": [31.233241, 29.996248]}}, {"type": "Feature", "properties": {"id": "restaurant_059", "name": "Al Basma Shawarma", "category": "Restaurant", "address": "35 El Ahram Street", "district": "Downtown", "opening_hours": "11:00-01:00", "phone": "+20-2-4626-4290", "website": "https://albasmashawarma.example.com"}, "geometry": {"type": "Point", "coordinates": [31.243211, 30.005115]}}, {"type": "Feature", "properties": {"id": "restaurant_060", "name": "Al Andalus Bistro 2", "category": "Restaurant", "address": "75 El Guish Road", "district": "Downtown", "opening_hours": "11:00-01:00", "phone": "+20-2-7693-9044", "website": "https://alandalusbistro2.example.com"}, "geometry": {"type": "Point", "coordinates": [31.244372, 29.987306]}}, {"type": "Feature", "properties": {"id": "restaurant_061", "name": "Al Waha Oriental Kitchen", "category": "Restaurant", "address": "72 El Nasr Road", "district": "Downtown", "opening_hours": "11:00-01:00", "phone": "+20-2-8437-7437", "website": "https://alwahaorientalkitchen.example.com"}, "geometry": {"type": "Point", "coordinates": [31.258995, 30.029851]}}, {"type": "Feature", "properties": {"id": "restaurant_062", "name": "Al Rahma Shawarma 2", "category": "Restaurant", "address": "140 El Horreya Road", "district": "Downtown", "opening_hours": "11:00-01:00", "phone": "+20-2-7584-1440", "website": "https://alrahmashawarma2.example.com"}, "geometry": {"type": "Point", "coordinates": [31.240961, 30.040418]}}, {"type": "Feature", "properties": {"id": "restaurant_063", "name": "Al Safwa Kebab House", "category": "Restaurant", "address": "113 Port Said Street", "district": "Downtown", "opening_hours": "11:00-01:00", "phone": "+20-2-4386-2133", "website": "https://alsafwakebabhouse.example.com"}, "geometry": {"type": "Point", "coordinates": [31.258554, 30.007298]}}, {"type": "Feature", "properties": {"id": "restaurant_064", "name": "El Gomhoria Gelato", "category": "Restaurant", "address": "128 El Horreya Road", "district": "Downtown", "opening_hours": "11:00-01:00", "phone": "+20-2-7188-5961", "website": "https://elgomhoriagelato.example.com"}, "geometry": {"type": "Point", "coordinates": [31.254543, 30.030814]}}, {"type": "Feature", "properties": {"id": "restaurant_065", "name": "Al Safwa Oriental Kitchen", "category": "Restaurant", "address": "203 El Merghany Street", "district": "Downtown", "opening_hours": "11:00-01:00", "phone": "+20-2-2605-8357", "website": "https://alsafwaorientalkitchen.example.com"}, "geometry": {"type": "Point", "coordinates": [31.237281, 30.02117]}}, {"type": "Feature", "properties": {"id": "restaurant_066", "name": "Al Andalus Fseekh", "category": "Restaurant", "address": "130 El Nasr Road", "district": "Downtown", "opening_hours": "11:00-01:00", "phone": "+20-2-7666-7853", "website": "https://alandalusfseekh.example.com"}, "geometry": {"type": "Point", "coordinates": [31.259682, 30.008538]}}, {"type": "Feature", "properties": {"id": "restaurant_067", "name": "El Yasmin Bakery", "category": "Restaurant", "address": "208 Makram Ebeid Street", "district": "Downtown", "opening_hours": "11:00-01:00", "phone": "+20-2-6864-2392", "website": "https://elyasminbakery.example.com"}, "geometry": {"type": "Point", "coordinates": [31.246306, 30.030467]}}, {"type": "Feature", "properties": {"id": "restaurant_068", "name": "El Feryal Bistro", "category": "Restaurant", "address": "43 Gamal Abdel Nasser Road", "district": "Downtown", "opening_hours": "11:00-01:00", "phone": "+20-2-7019-1725", "website": "https://elferyalbistro.example.com"}, "geometry": {"type": "Point", "coordinates": [31.233312, 29.992275]}}, {"type": "Feature", "properties": {"id": "restaurant_069", "name": "Al Basma Oriental Kitchen", "category": "Restaurant", "address": "193 Salah Salem Road", "district": "Downtown", "opening_hours": "11:00-01:00", "phone": "+20-2-9911-8052", "website": "https://albasmaorientalkitchen.example.com"}, "geometry": {"type": "Point", "coordinates": [31.246892, 30.02021]}}, {"type": "Feature", "properties": {"id": "restaurant_070", "name": "El Nasr Fseekh", "category": "Restaurant", "address": "192 Makram Ebeid Street", "district": "Downtown", "opening_hours": "11:00-01:00", "phone": "+20-2-6571-4621", "website": "https://elnasrfseekh.example.com"}, "geometry": {"type": "Point", "coordinates": [31.23321, 29.981742]}}, {"type": "Feature", "properties": {"id": "restaurant_071", "name": "El Feryal Shawarma", "category": "Restaurant", "address": "177 Makram Ebeid Street", "district": "Downtown", "opening_hours": "11:00-01:00", "phone": "+20-2-3234-6651", "website": "https://elferyalshawarma.example.com"}, "geometry": {"type": "Point", "coordinates": [31.243378, 30.002336]}}, {"type": "Feature", "properties": {"id": "restaurant_072", "name": "El Shorouk Oriental Kitchen", "category": "Restaurant", "address": "22 El Nil Street", "district": "Downtown", "opening_hours": "11:00-01:00", "phone": "+20-2-8810-3321", "website": "https://elshoroukorientalkitchen.example.com"}, "geometry": {"type": "Point", "coordinates": [31.259891, 30.008787]}}, {"type": "Feature", "properties": {"id": "restaurant_073", "name": "Al Rahma Fseekh", "category": "Restaurant", "address": "124 Salah Salem Road", "district": "Downtown", "opening_hours": "11:00-01:00", "phone": "+20-2-5900-2599", "website": "https://alrahmafseekh.example.com"}, "geometry": {"type": "Point", "coordinates": [31.240462, 29.998952]}}, {"type": "Feature", "properties": {"id": "restaurant_074", "name": "Al Waha Koshary", "category": "Restaurant", "address": "77 El Tahrir Avenue", "district": "Downtown", "opening_hours": "11:00-01:00", "phone": "+20-2-8637-2885", "website": "https://alwahakoshary.example.com"}, "geometry": {"type": "Point", "coordinates": [31.24315, 30.023852]}}, {"type": "Feature", "properties": {"id": "restaurant_075", "name": "El Horreya Gelato", "category": "Restaurant", "address": "205 El Horreya Road", "district": "Downtown", "opening_hours": "11:00-01:00", "phone": "+20-2-9617-4996", "website": "https://elhorreyagelato.example.com"}, "geometry": {"type": "Point", "coordinates": [31.230716, 29.998953]}}, {"type": "Feature", "properties": {"id": "restaurant_076", "name": "Al Waha Fseekh", "category": "Restaurant", "address": "110 Abbas El Akkad Street", "district": "Downtown", "opening_hours": "11:00-01:00", "phone": "+20-2-3899-7636", "website": "https://alwahafseekh.example.com"}, "geometry": {"type": "Point", "coordinates": [31.245479, 30.013654]}}, {"type": "Feature", "properties": {"id": "restaurant_077", "name": "El Feryal Oriental Kitchen", "category": "Restaurant", "address": "102 El Tahrir Avenue", "district": "Downtown", "opening_hours": "11:00-01:00", "phone": "+20-2-8040-4232", "website": "https://elferyalorientalkitchen.example.com"}, "geometry": {"type": "Point", "coordinates": [31.248882, 29.987922]}}, {"type": "Feature", "properties": {"id": "restaurant_078", "name": "Al Noor Bakery", "category": "Restaurant", "address": "55 Ramses Avenue", "district": "Downtown", "opening_hours": "11:00-01:00", "phone": "+20-2-4280-2025", "website": "https://alnoorbakery.example.com"}, "geometry": {"type": "Point", "coordinates": [31.243491, 30.005041]}}, {"type": "Feature", "properties": {"id": "restaurant_079", "name": "El Rehab Seafood", "category": "Restaurant", "address": "94 Salah Salem Road", "district": "Downtown", "opening_hours": "11:00-01:00", "phone": "+20-2-3614-8496", "website": "https://elrehabseafood.example.com"}, "geometry": {"type": "Point", "coordinates": [31.247314, 30.031085]}}, {"type": "Feature", "properties": {"id": "restaurant_080", "name": "El Tahrir Fseekh", "category": "Restaurant", "address": "164 Salah Salem Road", "district": "Downtown", "opening_hours": "11:00-01:00", "phone": "+20-2-6890-7367", "website": "https://eltahrirfseekh.example.com"}, "geometry": {"type": "Point", "coordinates": [31.23345, 30.022017]}}, {"type": "Feature", "properties": {"id": "restaurant_081", "name": "El Yasmin Bistro", "category": "Restaurant", "address": "217 Abbas El Akkad Street", "district": "Downtown", "opening_hours": "11:00-01:00", "phone": "+20-2-7057-3826", "website": "https://elyasminbistro.example.com"}, "geometry": {"type": "Point", "coordinates": [31.24833, 30.016125]}}, {"type": "Feature", "properties": {"id": "restaurant_082", "name": "El Shorouk Shawarma", "category": "Restaurant", "address": "152 El Nil Street", "district": "Downtown", "opening_hours": "11:00-01:00", "phone": "+20-2-7505-3194", "website": "https://elshoroukshawarma.example.com"}, "geometry": {"type": "Point", "coordinates": [31.254387, 30.024502]}}, {"type": "Feature", "properties": {"id": "restaurant_083", "name": "El Horreya Seafood", "category": "Restaurant", "address": "96 El Guish Road", "district": "Downtown", "opening_hours": "11:00-01:00", "phone": "+20-2-3158-9369", "website": "https://elhorreyaseafood.example.com"}, "geometry": {"type": "Point", "coordinates": [31.239411, 29.991596]}}, {"type": "Feature", "properties": {"id": "restaurant_084", "name": "Al Nozha Oriental Kitchen 2", "category": "Restaurant", "address": "109 El Horreya Road", "district": "Downtown", "opening_hours": "11:00-01:00", "phone": "+20-2-5986-9804", "website": "https://alnozhaorientalkitchen2.example.com"}, "geometry": {"type": "Point", "coordinates": [31.241663, 30.016788]}}, {"type": "Feature", "properties": {"id": "restaurant_085", "name": "El Fardous Fseekh 2", "category": "Restaurant", "address": "43 Abbas El Akkad Street", "district": "Downtown", "opening_hours": "11:00-01:00", "phone": "+20-2-4366-3298", "website": "https://elfardousfseekh2.example.com"}, "geometry": {"type": "Point", "coordinates": [31.250788, 30.020226]}}, {"type": "Feature", "properties": {"id": "restaurant_086", "name": "El Mostakbal Grill", "category": "Restaurant", "address": "92 El Tahrir Avenue", "district": "Downtown", "opening_hours": "11:00-01:00", "phone": "+20-2-5969-3236", "website": "https://elmostakbalgrill.example.com"}, "geometry": {"type": "Point", "coordinates": [31.235638, 30.034076]}}, {"type": "Feature", "properties": {"id": "restaurant_087", "name": "El Rehab Fseekh", "category": "Restaurant", "address": "168 Abbas El Akkad Street", "district": "Downtown", "opening_hours": "11:00-01:00", "phone": "+20-2-5351-9056", "website": "https://elrehabfseekh.example.com"}, "geometry": {"type": "Point", "coordinates": [31.235878, 30.00183]}}, {"type": "Feature", "properties": {"id": "restaurant_088", "name": "El Tahrir Seafood", "category": "Restaurant", "address": "22 El Thawra Street", "district": "Downtown", "opening_hours": "11:00-01:00", "phone": "+20-2-2252-4613", "website": "https://eltahrirseafood.example.com"}, "geometry": {"type": "Point", "coordinates": [31.242476, 30.033928]}}, {"type": "Feature", "properties": {"id": "restaurant_089", "name": "El Rehab Cafe", "category": "Restaurant", "address": "44 Port Said Street", "district": "Downtown", "opening_hours": "11:00-01:00", "phone": "+20-2-5746-9115", "website": "https://elrehabcafe.example.com"}, "geometry": {"type": "Point", "coordinates": [31.238779, 29.99415]}}, {"type": "Feature", "properties": {"id": "restaurant_090", "name": "El Horreya Cafe", "category": "Restaurant", "address": "199 Makram Ebeid Street", "district": "Downtown", "opening_hours": "11:00-01:00", "phone": "+20-2-8744-7010", "website": "https://elhorreyacafe.example.com"}, "geometry": {"type": "Point", "coordinates": [31.246488, 29.98277]}}, {"type": "Feature", "properties": {"id": "restaurant_091", "name": "El Karma Pizzeria", "category": "Restaurant", "address": "140 Ramses Avenue", "district": "Downtown", "opening_hours": "11:00-01:00", "phone": "+20-2-5482-2677", "website": "https://elkarmapizzeria.example.com"}, "geometry": {"type": "Point", "coordinates": [31.246258, 30.028078]}}, {"type": "Feature", "properties": {"id": "restaurant_092", "name": "El Nasr Cafe 2", "category": "Restaurant", "address": "9 Abbas El Akkad Street", "district": "Downtown", "opening_hours": "11:00-01:00", "phone": "+20-2-4152-6711", "website": "https://elnasrcafe2.example.com"}, "geometry": {"type": "Point", "coordinates": [31.252061, 30.020818]}}, {"type": "Feature", "properties": {"id": "restaurant_093", "name": "El Horreya Kebab House", "category": "Restaurant", "address": "54 Port Said Street", "district": "Downtown", "opening_hours": "11:00-01:00", "phone": "+20-2-8042-6744", "website": "https://elhorreyakebabhouse.example.com"}, "geometry": {"type": "Point", "coordinates": [31.255837, 29.980924]}}, {"type": "Feature", "properties": {"id": "restaurant_094", "name": "El Gomhoria Seafood 2", "category": "Restaurant", "address": "158 El Horreya Road", "district": "Downtown", "opening_hours": "11:00-01:00", "phone": "+20-2-8429-4385", "website": "https://elgomhoriaseafood2.example.com"}, "geometry": {"type": "Point", "coordinates": [31.255803, 30.017762]}}, {"type": "Feature", "properties": {"id": "restaurant_095", "name": "Al Nozha Bistro", "category": "Restaurant", "address": "137 El Ahram Street", "district": "Downtown", "opening_hours": "11:00-01:00", "phone": "+20-2-6889-9827", "website": "https://alnozhabistro.example.com"}, "geometry": {"type": "Point", "coordinates": [31.254381, 30.031503]}}, {"type": "Feature", "properties": {"id": "restaurant_096", "name": "El Shorouk Cafe", "category": "Restaurant", "address": "147 El Ahram Street", "district": "Downtown", "opening_hours": "11:00-01:00", "phone": "+20-2-9802-9428", "website": "https://elshoroukcafe.example.com"}, "geometry": {"type": "Point", "coordinates": [31.235078, 30.043722]}}, {"type": "Feature", "properties": {"id": "restaurant_097", "name": "El Horreya Seafood 2", "category": "Restaurant", "address": "193 Port Said Street", "district": "Downtown", "opening_hours": "11:00-01:00", "phone": "+20-2-5371-1971", "website": "https://elhorreyaseafood2.example.com"}, "geometry": {"type": "Point", "coordinates": [31.259526, 30.022623]}}, {"type": "Feature", "properties": {"id": "restaurant_098", "name": "Al Amal Bakery", "category": "Restaurant", "address": "34 Ramses Avenue", "district": "Downtown", "opening_hours": "11:00-01:00", "phone": "+20-2-3198-6277", "website": "https://alamalbakery.example.com"}, "geometry": {"type": "Point", "coordinates": [31.259735, 30.03584]}}, {"type": "Feature", "properties": {"id": "restaurant_099", "name": "El Feryal Oriental Kitchen 2", "category": "Restaurant", "address": "126 El Horreya Road", "district": "Downtown", "opening_hours": "11:00-01:00", "phone": "+20-2-6730-5402", "website": "https://elferyalorientalkitchen2.example.com"}, "geometry": {"type": "Point", "coordinates": [31.254828, 30.028408]}}, {"type": "Feature", "properties": {"id": "restaurant_100", "name": "Al Nahda Gelato 2", "category": "Restaurant", "address": "204 Port Said Street", "district": "Downtown", "opening_hours": "11:00-01:00", "phone": "+20-2-2762-7600", "website": "https://alnahdagelato2.example.com"}, "geometry": {"type": "Point", "coordinates": [31.248824, 30.001212]}}, {"type": "Feature", "properties": {"id": "restaurant_101", "name": "El Yasmin Pizzeria", "category": "Restaurant", "address": "125 Salah Salem Road", "district": "Downtown", "opening_hours": "11:00-01:00", "phone": "+20-2-6767-1040", "website": "https://elyasminpizzeria.example.com"}, "geometry": {"type": "Point", "coordinates": [31.245467, 29.994387]}}, {"type": "Feature", "properties": {"id": "restaurant_102", "name": "Al Nahda Bakery 2", "category": "Restaurant", "address": "118 Gamal Abdel Nasser Road", "district": "Downtown", "opening_hours": "11:00-01:00", "phone": "+20-2-7440-6869", "website": "https://alnahdabakery2.example.com"}, "geometry": {"type": "Point", "coordinates": [31.256038, 30.034441]}}, {"type": "Feature", "properties": {"id": "restaurant_103", "name": "Al Andalus Kebab House 2", "category": "Restaurant", "address": "110 El Nasr Road", "district": "Downtown", "opening_hours": "11:00-01:00", "phone": "+20-2-3735-9105", "website": "https://alandaluskebabhouse2.example.com"}, "geometry": {"type": "Point", "coordinates": [31.255475, 30.030816]}}, {"type": "Feature", "properties": {"id": "restaurant_104", "name": "Al Waha Fseekh 2", "category": "Restaurant", "address": "148 El Horreya Road", "district": "Downtown", "opening_hours": "11:00-01:00", "phone": "+20-2-6637-8951", "website": "https://alwahafseekh2.example.com"}, "geometry": {"type": "Point", "coordinates": [31.238075, 30.033115]}}, {"type": "Feature", "properties": {"id": "restaurant_105", "name": "El Salam Grill", "category": "Restaurant", "address": "26 Gamal Abdel Nasser Road", "district": "Downtown", "opening_hours": "11:00-01:00", "phone": "+20-2-8421-8529", "website": "https://elsalamgrill.example.com"}, "geometry": {"type": "Point", "coordinates": [31.253626, 30.037748]}}, {"type": "Feature", "properties": {"id": "restaurant_106", "name": "El Fardous Pizzeria", "category": "Restaurant", "address": "117 El Tahrir Avenue", "district": "Downtown", "opening_hours": "11:00-01:00", "phone": "+20-2-9848-8009", "website": "https://elfardouspizzeria.example.com"}, "geometry": {"type": "Point", "coordinates": [31.230527, 30.040232]}}, {"type": "Feature", "properties": {"id": "restaurant_107", "name": "Al Amal Gelato", "category": "Restaurant", "address": "78 El Horreya Road", "district": "Downtown", "opening_hours": "11:00-01:00", "phone": "+20-2-9163-5489", "website": "https://alamalgelato.example.com"}, "geometry": {"type": "Point", "coordinates": [31.236093, 30.023277]}}, {"type": "Feature", "properties": {"id": "restaurant_108", "name": "Al Nahda Bistro", "category": "Restaurant", "address": "171 Gamal Abdel Nasser Road", "district": "Downtown", "opening_hours": "11:00-01:00", "phone": "+20-2-3355-1848", "website": "https://alnahdabistro.example.com"}, "geometry": {"type": "Point", "coordinates": [31.232833, 30.000175]}}, {"type": "Feature", "properties": {"id": "restaurant_109", "name": "Al Safwa Kebab House 2", "category": "Restaurant", "address": "110 Gamal Abdel Nasser Road", "district": "Downtown", "opening_hours": "11:00-01:00", "phone": "+20-2-2747-2559", "website": "https://alsafwakebabhouse2.example.com"}, "geometry": {"type": "Point", "coordinates": [31.241899, 29.996308]}}, {"type": "Feature", "properties": {"id": "restaurant_110", "name": "Al Amal Shawarma", "category": "Restaurant", "address": "58 Makram Ebeid Street", "district": "Downtown", "opening_hours": "11:00-01:00", "phone": "+20-2-7570-8291", "website": "https://alamalshawarma.example.com"}, "geometry": {"type": "Point", "coordinates": [31.230073, 30.008367]}}, {"type": "Feature", "properties": {"id": "restaurant_111", "name": "El Horreya Oriental Kitchen", "category": "Restaurant", "address": "178 El Horreya Road", "district": "Downtown", "opening_hours": "11:00-01:00", "phone": "+20-2-5913-2160", "website": "https://elhorreyaorientalkitchen.example.com"}, "geometry": {"type": "Point", "coordinates": [31.230318, 30.02377]}}, {"type": "Feature", "properties": {"id": "restaurant_112", "name": "El Horreya Koshary", "category": "Restaurant", "address": "81 Salah Salem Road", "district": "Downtown", "opening_hours": "11:00-01:00", "phone": "+20-2-9217-5902", "website": "https://elhorreyakoshary.example.com"}, "geometry": {"type": "Point", "coordinates": [31.23689, 29.981089]}}, {"type": "Feature", "properties": {"id": "restaurant_113", "name": "Al Amal Gelato 2", "category": "Restaurant", "address": "174 El Horreya Road", "district": "Downtown", "opening_hours": "11:00-01:00", "phone": "+20-2-2560-9691", "website": "https://alamalgelato2.example.com"}, "geometry": {"type": "Point", "coordinates": [31.234143, 30.029252]}}, {"type": "Feature", "properties": {"id": "restaurant_114", "name": "El Fardous Pizzeria 2", "category": "Restaurant", "address": "90 El Guish Road", "district": "Downtown", "opening_hours": "11:00-01:00", "phone": "+20-2-3745-3480", "website": "https://elfardouspizzeria2.example.com"}, "geometry": {"type": "Point", "coordinates": [31.246894, 30.017766]}}, {"type": "Feature", "properties": {"id": "restaurant_115", "name": "Al Ahram Kebab House", "category": "Restaurant", "address": "23 El Nil Street", "district": "Downtown", "opening_hours": "11:00-01:00", "phone": "+20-2-3146-3017", "website": "https://alahramkebabhouse.example.com"}, "geometry": {"type": "Point", "coordinates": [31.257563, 30.018172]}}, {"type": "Feature", "properties": {"id": "restaurant_116", "name": "El Gomhoria Bistro", "category": "Restaurant", "address": "203 El Horreya Road", "district": "Downtown", "opening_hours": "11:00-01:00", "phone": "+20-2-4029-5537", "website": "https://elgomhoriabistro.example.com"}, "geometry": {"type": "Point", "coordinates": [31.24768, 30.001836]}}, {"type": "Feature", "properties": {"id": "restaurant_117", "name": "El Mostakbal Shawarma", "category": "Restaurant", "address": "185 El Thawra Street", "district": "Downtown", "opening_hours": "11:00-01:00", "phone": "+20-2-4334-1439", "website": "https://elmostakbalshawarma.example.com"}, "geometry": {"type": "Point", "coordinates": [31.249327, 29.992271]}}, {"type": "Feature", "properties": {"id": "restaurant_118", "name": "El Shorouk Kebab House", "category": "Restaurant", "address": "133 El Thawra Street", "district": "Downtown", "opening_hours": "11:00-01:00", "phone": "+20-2-6174-4090", "website": "https://elshoroukkebabhouse.example.com"}, "geometry": {"type": "Point", "coordinates": [31.255409, 30.021152]}}, {"type": "Feature", "properties": {"id": "restaurant_119", "name": "El Salam Kebab House", "category": "Restaurant", "address": "127 El Merghany Street", "district": "Downtown", "opening_hours": "11:00-01:00", "phone": "+20-2-2923-4949", "website": "https://elsalamkebabhouse.example.com"}, "geometry": {"type": "Point", "coordinates": [31.252415, 29.995606]}}, {"type": "Feature", "properties": {"id": "restaurant_120", "name": "Al Zahraa Grill 2", "category": "Restaurant", "address": "93 Salah Salem Road", "district": "Downtown", "opening_hours": "11:00-01:00", "phone": "+20-2-3081-7337", "website": "https://alzahraagrill2.example.com"}, "geometry": {"type": "Point", "coordinates": [31.244988, 30.016613]}}, {"type": "Feature", "properties": {"id": "restaurant_121", "name": "El Yasmin Fseekh", "category": "Restaurant", "address": "175 El Horreya Road", "district": "Downtown", "opening_hours": "11:00-01:00", "phone": "+20-2-8248-8717", "website": "https://elyasminfseekh.example.com"}, "geometry": {"type": "Point", "coordinates": [31.255796, 30.014814]}}, {"type": "Feature", "properties": {"id": "restaurant_122", "name": "Al Noor Shawarma", "category": "Restaurant", "address": "18 El Tahrir Avenue", "district": "Downtown", "opening_hours": "11:00-01:00", "phone": "+20-2-4147-4534", "website": "https://alnoorshawarma.example.com"}, "geometry": {"type": "Point", "coordinates": [31.258597, 30.029034]}}, {"type": "Feature", "properties": {"id": "restaurant_123", "name": "Al Andalus Fseekh 2", "category": "Restaurant", "address": "74 Gamal Abdel Nasser Road", "district": "Downtown", "opening_hours": "11:00-01:00", "phone": "+20-2-7837-9209", "website": "https://alandalusfseekh2.example.com"}, "geometry": {"type": "Point", "coordinates": [31.231232, 29.979057]}}, {"type": "Feature", "properties": {"id": "restaurant_124", "name": "Al Andalus Koshary", "category": "Restaurant", "address": "164 Makram Ebeid Street", "district": "Downtown", "opening_hours": "11:00-01:00", "phone": "+20-2-6404-3501", "website": "https://alandaluskoshary.example.com"}, "geometry": {"type": "Point", "coordinates": [31.252992, 30.00462]}}, {"type": "Feature", "properties": {"id": "restaurant_125", "name": "Al Zahraa Kebab House", "category": "Restaurant", "address": "207 El Horreya Road", "district": "Downtown", "opening_hours": "11:00-01:00", "phone": "+20-2-6394-6353", "website": "https://alzahraakebabhouse.example.com"}, "geometry": {"type": "Point", "coordinates": [31.238342, 29.996617]}}, {"type": "Feature", "properties": {"id": "restaurant_126", "name": "Al Basma Gelato 2", "category": "Restaurant", "address": "165 El Nil Street", "district": "Downtown", "opening_hours": "11:00-01:00", "phone": "+20-2-4540-8167", "website": "https://albasmagelato2.example.com"}, "geometry": {"type": "Point", "coordinates": [31.241731, 30.019454]}}, {"type": "Feature", "properties": {"id": "restaurant_127", "name": "El Salam Kebab House 2", "category": "Restaurant", "address": "23 El Merghany Street", "district": "Downtown", "opening_hours": "11:00-01:00", "phone": "+20-2-2950-8428", "website": "https://elsalamkebabhouse2.example.com"}, "geometry": {"type": "Point", "coordinates": [31.25188, 30.034391]}}, {"type": "Feature", "properties": {"id": "restaurant_128", "name": "El Feryal Bakery", "category": "Restaurant", "address": "169 El Guish Road", "district": "Downtown", "opening_hours": "11:00-01:00", "phone": "+20-2-3438-2956", "website": "https://elferyalbakery.example.com"}, "geometry": {"type": "Point", "coordinates": [31.24836, 29.978674]}}, {"type": "Feature", "properties": {"id": "restaurant_129", "name": "Al Noor Seafood", "category": "Restaurant", "address": "128 Salah Salem Road", "district": "Downtown", "opening_hours": "11:00-01:00", "phone": "+20-2-6284-9474", "website": "https://alnoorseafood.example.com"}, "geometry": {"type": "Point", "coordinates": [31.230419, 29.98446]}}, {"type": "Feature", "properties": {"id": "restaurant_130", "name": "El Fardous Bistro", "category": "Restaurant", "address": "33 El Guish Road", "district": "Downtown", "opening_hours": "11:00-01:00", "phone": "+20-2-8398-5403", "website": "https://elfardousbistro.example.com"}, "geometry": {"type": "Point", "coordinates": [31.253467, 30.025542]}}, {"type": "Feature", "properties": {"id": "restaurant_131", "name": "Al Noor Bistro", "category": "Restaurant", "address": "207 El Merghany Street", "district": "Downtown", "opening_hours": "11:00-01:00", "phone": "+20-2-4228-9582", "website": "https://alnoorbistro.example.com"}, "geometry": {"type": "Point", "coordinates": [31.251969, 29.983111]}}, {"type": "Feature", "properties": {"id": "restaurant_132", "name": "Al Nozha Gelato", "category": "Restaurant", "address": "20 Abbas El Akkad Street", "district": "Downtown", "opening_hours": "11:00-01:00", "phone": "+20-2-5728-9368", "website": "https://alnozhagelato.example.com"}, "geometry": {"type": "Point", "coordinates": [31.231951, 30.024948]}}, {"type": "Feature", "properties": {"id": "restaurant_133", "name": "Al Nozha Seafood 2", "category": "Restaurant", "address": "95 El Horreya Road", "district": "Downtown", "opening_hours": "11:00-01:00", "phone": "+20-2-4089-2685", "website": "https://alnozhaseafood2.example.com"}, "geometry": {"type": "Point", "coordinates": [31.240815, 30.009973]}}, {"type": "Feature", "properties": {"id": "restaurant_134", "name": "El Horreya Kebab House 2", "category": "Restaurant", "address": "190 Makram Ebeid Street", "district": "Downtown", "opening_hours": "11:00-01:00", "phone": "+20-2-2021-1721", "website": "https://elhorreyakebabhouse2.example.com"}, "geometry": {"type": "Point", "coordinates": [31.256797, 30.022258]}}, {"type": "Feature", "properties": {"id": "restaurant_135", "name": "El Salam Pizzeria", "category": "Restaurant", "address": "94 El Merghany Street", "district": "Downtown", "opening_hours": "11:00-01:00", "phone": "+20-2-9538-3458", "website": "https://elsalampizzeria.example.com"}, "geometry": {"type": "Point", "coordinates": [31.255732, 29.975665]}}, {"type": "Feature", "properties": {"id": "restaurant_136", "name": "El Salam Fseekh 2", "category": "Restaurant", "address": "206 El Guish Road", "district": "Downtown", "opening_hours": "11:00-01:00", "phone": "+20-2-8067-7870", "website": "https://elsalamfseekh2.example.com"}, "geometry": {"type": "Point", "coordinates": [31.235395, 30.042408]}}, {"type": "Feature", "properties": {"id": "restaurant_137", "name": "El Karma Bistro", "category": "Restaurant", "address": "70 El Nasr Road", "district": "Downtown", "opening_hours": "11:00-01:00", "phone": "+20-2-2638-7108", "website": "https://elkarmabistro.example.com"}, "geometry": {"type": "Point", "coordinates": [31.236757, 29.992278]}}, {"type": "Feature", "properties": {"id": "restaurant_138", "name": "El Salam Seafood", "category": "Restaurant", "address": "58 Port Said Street", "district": "Downtown", "opening_hours": "11:00-01:00", "phone": "+20-2-6225-1752", "website": "https://elsalamseafood.example.com"}, "geometry": {"type": "Point", "coordinates": [31.233612, 30.022202]}}, {"type": "Feature", "properties": {"id": "restaurant_139", "name": "Al Ahram Cafe", "category": "Restaurant", "address": "199 El Nasr Road", "district": "Downtown", "opening_hours": "11:00-01:00", "phone": "+20-2-4545-6362", "website": "https://alahramcafe.example.com"}, "geometry": {"type": "Point", "coordinates": [31.258586, 29.979652]}}, {"type": "Feature", "properties": {"id": "restaurant_140", "name": "El Yasmin Kebab House", "category": "Restaurant", "address": "75 El Thawra Street", "district": "Downtown", "opening_hours": "11:00-01:00", "phone": "+20-2-8426-5979", "website": "https://elyasminkebabhouse.example.com"}, "geometry": {"type": "Point", "coordinates": [31.232625, 30.006955]}}, {"type": "Feature", "properties": {"id": "restaurant_141", "name": "El Yasmin Shawarma 2", "category": "Restaurant", "address": "127 Port Said Street", "district": "Downtown", "opening_hours": "11:00-01:00", "phone": "+20-2-8356-4201", "website": "https://elyasminshawarma2.example.com"}, "geometry": {"type": "Point", "coordinates": [31.252168, 29.991878]}}, {"type": "Feature", "properties": {"id": "restaurant_142", "name": "El Nasr Seafood", "category": "Restaurant", "address": "2 El Merghany Street", "district": "Downtown", "opening_hours": "11:00-01:00", "phone": "+20-2-2195-4817", "website": "https://elnasrseafood.example.com"}, "geometry": {"type": "Point", "coordinates": [31.251955, 30.013278]}}, {"type": "Feature", "properties": {"id": "restaurant_143", "name": "Al Safwa Grill", "category": "Restaurant", "address": "86 El Tahrir Avenue", "district": "Downtown", "opening_hours": "11:00-01:00", "phone": "+20-2-8217-7164", "website": "https://alsafwagrill.example.com"}, "geometry": {"type": "Point", "coordinates": [31.246243, 30.01957]}}, {"type": "Feature", "properties": {"id": "restaurant_144", "name": "El Horreya Kebab House 3", "category": "Restaurant", "address": "136 Ramses Avenue", "district": "Downtown", "opening_hours": "11:00-01:00", "phone": "+20-2-5439-9061", "website": "https://elhorreyakebabhouse3.example.com"}, "geometry": {"type": "Point", "coordinates": [31.255442, 30.025996]}}, {"type": "Feature", "properties": {"id": "restaurant_145", "name": "Al Amal Bakery 2", "category": "Restaurant", "address": "72 El Nil Street", "district": "Downtown", "opening_hours": "11:00-01:00", "phone": "+20-2-2359-4792", "website": "https://alamalbakery2.example.com"}, "geometry": {"type": "Point", "coordinates": [31.258799, 30.043268]}}, {"type": "Feature", "properties": {"id": "restaurant_146", "name": "Al Safwa Bistro", "category": "Restaurant", "address": "118 El Guish Road", "district": "Downtown", "opening_hours": "11:00-01:00", "phone": "+20-2-2695-2565", "website": "https://alsafwabistro.example.com"}, "geometry": {"type": "Point", "coordinates": [31.256887, 30.011391]}}, {"type": "Feature", "properties": {"id": "restaurant_147", "name": "Al Andalus Koshary 2", "category": "Restaurant", "address": "152 El Thawra Street", "district": "Downtown", "opening_hours": "11:00-01:00", "phone": "+20-2-2510-8126", "website": "https://alandaluskoshary2.example.com"}, "geometry": {"type": "Point", "coordinates": [31.245162, 30.01966]}}, {"type": "Feature", "properties": {"id": "restaurant_148", "name": "El Shorouk Cafe 2", "category": "Restaurant", "address": "218 Salah Salem Road", "district": "Downtown", "opening_hours": "11:00-01:00", "phone": "+20-2-9586-7438", "website": "https://elshoroukcafe2.example.com"}, "geometry": {"type": "Point", "coordinates": [31.24986, 29.984002]}}, {"type": "Feature", "properties": {"id": "restaurant_149", "name": "Al Waha Pizzeria", "category": "Restaurant", "address": "70 Ramses Avenue", "district": "Downtown", "opening_hours": "11:00-01:00", "phone": "+20-2-2611-4321", "website": "https://alwahapizzeria.example.com"}, "geometry": {"type": "Point", "coordinates": [31.251006, 30.026569]}}, {"type": "Feature", "properties": {"id": "restaurant_150", "name": "El Horreya Seafood 3", "category": "Restaurant", "address": "28 El Horreya Road", "district": "Downtown", "opening_hours": "11:00-01:00", "phone": "+20-2-5682-8635", "website": "https://elhorreyaseafood3.example.com"}, "geometry": {"type": "Point", "coordinates": [31.234112, 30.029018]}}, {"type": "Feature", "properties": {"id": "restaurant_151", "name": "El Yasmin Kebab House 2", "category": "Restaurant", "address": "116 El Ahram Street", "district": "Downtown", "opening_hours": "11:00-01:00", "phone": "+20-2-5795-5341", "website": "https://elyasminkebabhouse2.example.com"}, "geometry": {"type": "Point", "coordinates": [31.239436, 29.9833]}}, {"type": "Feature", "properties": {"id": "restaurant_152", "name": "El Feryal Cafe", "category": "Restaurant", "address": "212 El Guish Road", "district": "Downtown", "opening_hours": "11:00-01:00", "phone": "+20-2-7708-1660", "website": "https://elferyalcafe.example.com"}, "geometry": {"type": "Point", "coordinates": [31.255546, 29.981166]}}, {"type": "Feature", "properties": {"id": "restaurant_153", "name": "Al Amal Koshary", "category": "Restaurant", "address": "183 Ramses Avenue", "district": "Downtown", "opening_hours": "11:00-01:00", "phone": "+20-2-9933-6828", "website": "https://alamalkoshary.example.com"}, "geometry": {"type": "Point", "coordinates": [31.236473, 30.035103]}}, {"type": "Feature", "properties": {"id": "restaurant_154", "name": "El Shorouk Cafe 3", "category": "Restaurant", "address": "210 El Horreya Road", "district": "Downtown", "opening_hours": "11:00-01:00", "phone": "+20-2-2254-7625", "website": "https://elshoroukcafe3.example.com"}, "geometry": {"type": "Point", "coordinates": [31.241896, 29.978246]}}, {"type": "Feature", "properties": {"id": "restaurant_155", "name": "El Rehab Kebab House 2", "category": "Restaurant", "address": "25 Abbas El Akkad Street", "district": "Downtown", "opening_hours": "11:00-01:00", "phone": "+20-2-2834-3290", "website": "https://elrehabkebabhouse2.example.com"}, "geometry": {"type": "Point", "coordinates": [31.25561, 30.013939]}}, {"type": "Feature", "properties": {"id": "restaurant_156", "name": "El Nasr Seafood 2", "category": "Restaurant", "address": "51 El Nasr Road", "district": "Downtown", "opening_hours": "11:00-01:00", "phone": "+20-2-5281-7098", "website": "https://elnasrseafood2.example.com"}, "geometry": {"type": "Point", "coordinates": [31.233674, 29.979142]}}, {"type": "Feature", "properties": {"id": "restaurant_157", "name": "Al Nahda Shawarma 3", "category": "Restaurant", "address": "151 El Ahram Street", "district": "Downtown", "opening_hours": "11:00-01:00", "phone": "+20-2-9515-2228", "website": "https://alnahdashawarma3.example.com"}, "geometry": {"type": "Point", "coordinates": [31.250574, 30.040805]}}, {"type": "Feature", "properties": {"id": "restaurant_158", "name": "Al Basma Pizzeria 2", "category": "Restaurant", "address": "208 El Horreya Road", "district": "Downtown", "opening_hours": "11:00-01:00", "phone": "+20-2-2753-6432", "website": "https://albasmapizzeria2.example.com"}, "geometry": {"type": "Point", "coordinates": [31.230692, 29.979339]}}, {"type": "Feature", "properties": {"id": "restaurant_159", "name": "El Salam Seafood 2", "category": "Restaurant", "address": "147 El Merghany Street", "district": "Downtown", "opening_hours": "11:00-01:00", "phone": "+20-2-8731-7471", "website": "https://elsalamseafood2.example.com"}, "geometry": {"type": "Point", "coordinates": [31.233706, 30.041137]}}, {"type": "Feature", "properties": {"id": "restaurant_160", "name": "El Gomhoria Seafood 3", "category": "Restaurant", "address": "91 Ramses Avenue", "district": "Downtown", "opening_hours": "11:00-01:00", "phone": "+20-2-9440-4066", "website": "https://elgomhoriaseafood3.example.com"}, "geometry": {"type": "Point", "coordinates": [31.244884, 30.001744]}}, {"type": "Feature", "properties": {"id": "restaurant_161", "name": "Al Amal Grill", "category": "Restaurant", "address": "158 El Thawra Street", "district": "Downtown", "opening_hours": "11:00-01:00", "phone": "+20-2-7054-5026", "website": "https://alamalgrill.example.com"}, "geometry": {"type": "Point", "coordinates": [31.238267, 30.006199]}}, {"type": "Feature", "properties": {"id": "restaurant_162", "name": "El Rehab Pizzeria", "category": "Restaurant", "address": "16 El Nil Street", "district": "Downtown", "opening_hours": "11:00-01:00", "phone": "+20-2-4291-7275", "website": "https://elrehabpizzeria.example.com"}, "geometry": {"type": "Point", "coordinates": [31.249407, 30.009922]}}, {"type": "Feature", "properties": {"id": "restaurant_163", "name": "Al Zahraa Kebab House 2", "category": "Restaurant", "address": "162 Port Said Street", "district": "Downtown", "opening_hours": "11:00-01:00", "phone": "+20-2-6453-1319", "website": "https://alzahraakebabhouse2.example.com"}, "geometry": {"type": "Point", "coordinates": [31.234146, 29.988842]}}, {"type": "Feature", "properties": {"id": "restaurant_164", "name": "El Yasmin Pizzeria 2", "category": "Restaurant", "address": "140 Port Said Street", "district": "Downtown", "opening_hours": "11:00-01:00", "phone": "+20-2-5970-6636", "website": "https://elyasminpizzeria2.example.com"}, "geometry": {"type": "Point", "coordinates": [31.259643, 30.029847]}}, {"type": "Feature", "properties": {"id": "restaurant_165", "name": "Al Andalus Cafe", "category": "Restaurant", "address": "47 El Tahrir Avenue", "district": "Downtown", "opening_hours": "11:00-01:00", "phone": "+20-2-4612-4588", "website": "https://alandaluscafe.example.com"}, "geometry": {"type": "Point", "coordinates": [31.257347, 30.010168]}}, {"type": "Feature", "properties": {"id": "restaurant_166", "name": "Al Manar Grill", "category": "Restaurant", "address": "208 Abbas El Akkad Street", "district": "Downtown", "opening_hours": "11:00-01:00", "phone": "+20-2-6337-6856", "website": "https://almanargrill.example.com"}, "geometry": {"type": "Point", "coordinates": [31.230917, 30.031873]}}, {"type": "Feature", "properties": {"id": "restaurant_167", "name": "El Fardous Koshary 2", "category": "Restaurant", "address": "64 Gamal Abdel Nasser Road", "district": "Downtown", "opening_hours": "11:00-01:00", "phone": "+20-2-3975-5366", "website": "https://elfardouskoshary2.example.com"}, "geometry": {"type": "Point", "coordinates": [31.252984, 30.045172]}}, {"type": "Feature", "properties": {"id": "restaurant_168", "name": "El Karma Grill", "category": "Restaurant", "address": "196 Ramses Avenue", "district": "Downtown", "opening_hours": "11:00-01:00", "phone": "+20-2-6716-7363", "website": "https://elkarmagrill.example.com"}, "geometry": {"type": "Point", "coordinates": [31.246008, 30.030503]}}, {"type": "Feature", "properties": {"id": "restaurant_169", "name": "El Fardous Seafood", "category": "Restaurant", "address": "61 El Thawra Street", "district": "Downtown", "opening_hours": "11:00-01:00", "phone": "+20-2-4605-6878", "website": "https://elfardousseafood.example.com"}, "geometry": {"type": "Point", "coordinates": [31.240656, 30.033881]}}, {"type": "Feature", "properties": {"id": "restaurant_170", "name": "Al Safwa Bistro 2", "category": "Restaurant", "address": "146 El Thawra Street", "district": "Downtown", "opening_hours": "11:00-01:00", "phone": "+20-2-3164-4084", "website": "https://alsafwabistro2.example.com"}, "geometry": {"type": "Point", "coordinates": [31.257386, 29.976786]}}, {"type": "Feature", "properties": {"id": "restaurant_171", "name": "El Tahrir Fseekh 2", "category": "Restaurant", "address": "80 El Horreya Road", "district": "Downtown", "opening_hours": "11:00-01:00", "phone": "+20-2-6017-1621", "website": "https://eltahrirfseekh2.example.com"}, "geometry": {"type": "Point", "coordinates": [31.255074, 30.031852]}}, {"type": "Feature", "properties": {"id": "restaurant_172", "name": "El Nasr Grill", "category": "Restaurant", "address": "135 Abbas El Akkad Street", "district": "Downtown", "opening_hours": "11:00-01:00", "phone": "+20-2-2005-6435", "website": "https://elnasrgrill.example.com"}, "geometry": {"type": "Point", "coordinates": [31.232741, 29.991177]}}, {"type": "Feature", "properties": {"id": "restaurant_173", "name": "Al Amal Bistro", "category": "Restaurant", "address": "184 El Horreya Road", "district": "Downtown", "opening_hours": "11:00-01:00", "phone": "+20-2-9526-6301", "website": "https://alamalbistro.example.com"}, "geometry": {"type": "Point", "coordinates": [31.257503, 29.988983]}}, {"type": "Feature", "properties": {"id": "restaurant_174", "name": "Al Safwa Seafood", "category": "Restaurant", "address": "199 El Nil Street", "district": "Downtown", "opening_hours": "11:00-01:00", "phone": "+20-2-8934-9622", "website": "https://alsafwaseafood.example.com"}, "geometry": {"type": "Point", "coordinates": [31.231822, 29.985199]}}, {"type": "Feature", "properties": {"id": "restaurant_175", "name": "El Yasmin Bakery 2", "category": "Restaurant", "address": "170 El Merghany Street", "district": "Downtown", "opening_hours": "11:00-01:00", "phone": "+20-2-6800-2655", "website": "https://elyasminbakery2.example.com"}, "geometry": {"type": "Point", "coordinates": [31.255791, 30.042423]}}, {"type": "Feature", "properties": {"id": "restaurant_176", "name": "El Fardous Bakery", "category": "Restaurant", "address": "112 Port Said Street", "district": "Downtown", "opening_hours": "11:00-01:00", "phone": "+20-2-7236-8982", "website": "https://elfardousbakery.example.com"}, "geometry": {"type": "Point", "coordinates": [31.24011, 29.997511]}}, {"type": "Feature", "properties": {"id": "restaurant_177", "name": "El Rehab Bakery", "category": "Restaurant", "address": "158 Port Said Street", "district": "Downtown", "opening_hours": "11:00-01:00", "phone": "+20-2-4923-4657", "website": "https://elrehabbakery.example.com"}, "geometry": {"type": "Point", "coordinates": [31.249463, 29.987064]}}, {"type": "Feature", "properties": {"id": "restaurant_178", "name": "Al Andalus Cafe 2", "category": "Restaurant", "address": "188 El Guish Road", "district": "Downtown", "opening_hours": "11:00-01:00", "phone": "+20-2-4412-3086", "website": "https://alandaluscafe2.example.com"}, "geometry": {"type": "Point", "coordinates": [31.249953, 30.032138]}}, {"type": "Feature", "properties": {"id": "restaurant_179", "name": "Al Safwa Shawarma", "category": "Restaurant", "address": "101 El Nasr Road", "district": "Downtown", "opening_hours": "11:00-01:00", "phone": "+20-2-8314-1530", "website": "https://alsafwashawarma.example.com"}, "geometry": {"type": "Point", "coordinates": [31.235357, 29.974927]}}, {"type": "Feature", "properties": {"id": "restaurant_180", "name": "El Mostakbal Kebab House", "category": "Restaurant", "address": "164 El Thawra Street", "district": "Downtown", "opening_hours": "11:00-01:00", "phone": "+20-2-2852-9129", "website": "https://elmostakbalkebabhouse.example.com"}, "geometry": {"type": "Point", "coordinates": [31.235488, 29.997202]}}, {"type": "Feature", "properties": {"id": "restaurant_181", "name": "El Nasr Bistro", "category": "Restaurant", "address": "82 El Horreya Road", "district": "Downtown", "opening_hours": "11:00-01:00", "phone": "+20-2-7211-2453", "website": "https://elnasrbistro.example.com"}, "geometry": {"type": "Point", "coordinates": [31.234248, 30.027272]}}, {"type": "Feature", "properties": {"id": "restaurant_182", "name": "El Karma Bistro 2", "category": "Restaurant", "address": "115 El Tahrir Avenue", "district": "Downtown", "opening_hours": "11:00-01:00", "phone": "+20-2-4172-4435", "website": "https://elkarmabistro2.example.com"}, "geometry": {"type": "Point", "coordinates": [31.254624, 30.02197]}}, {"type": "Feature", "properties": {"id": "restaurant_183", "name": "Al Manar Koshary", "category": "Restaurant", "address": "185 El Tahrir Avenue", "district": "Downtown", "opening_hours": "11:00-01:00", "phone": "+20-2-2394-7323", "website": "https://almanarkoshary.example.com"}, "geometry": {"type": "Point", "coordinates": [31.237506, 29.979573]}}, {"type": "Feature", "properties": {"id": "restaurant_184", "name": "El Fardous Oriental Kitchen", "category": "Restaurant", "address": "127 El Merghany Street", "district": "Downtown", "opening_hours": "11:00-01:00", "phone": "+20-2-4877-9946", "website": "https://elfardousorientalkitchen.example.com"}, "geometry": {"type": "Point", "coordinates": [31.243152, 30.004344]}}, {"type": "Feature", "properties": {"id": "restaurant_185", "name": "Al Nozha Gelato 2", "category": "Restaurant", "address": "195 Gamal Abdel Nasser Road", "district": "Downtown", "opening_hours": "11:00-01:00", "phone": "+20-2-3847-3664", "website": "https://alnozhagelato2.example.com"}, "geometry": {"type": "Point", "coordinates": [31.24127, 30.033148]}}, {"type": "Feature", "properties": {"id": "restaurant_186", "name": "El Salam Cafe", "category": "Restaurant", "address": "6 Salah Salem Road", "district": "Downtown", "opening_hours": "11:00-01:00", "phone": "+20-2-4139-2715", "website": "https://elsalamcafe.example.com"}, "geometry": {"type": "Point", "coordinates": [31.243543, 30.031063]}}, {"type": "Feature", "properties": {"id": "restaurant_187", "name": "Al Andalus Seafood", "category": "Restaurant", "address": "188 El Nil Street", "district": "Downtown", "opening_hours": "11:00-01:00", "phone": "+20-2-6481-2525", "website": "https://alandalusseafood.example.com"}, "geometry": {"type": "Point", "coordinates": [31.23226, 29.986775]}}, {"type": "Feature", "properties": {"id": "restaurant_188", "name": "El Tahrir Bakery", "category": "Restaurant", "address": "8 El Merghany Street", "district": "Downtown", "opening_hours": "11:00-01:00", "phone": "+20-2-9720-3703", "website": "https://eltahrirbakery.example.com"}, "geometry": {"type": "Point", "coordinates": [31.240151, 30.044163]}}, {"type": "Feature", "properties": {"id": "restaurant_189", "name": "El Salam Koshary", "category": "Restaurant", "address": "85 Ramses Avenue", "district": "Downtown", "opening_hours": "11:00-01:00", "phone": "+20-2-9982-4112", "website": "https://elsalamkoshary.example.com"}, "geometry": {"type": "Point", "coordinates": [31.248211, 30.005368]}}, {"type": "Feature", "properties": {"id": "restaurant_190", "name": "El Karma Fseekh", "category": "Restaurant", "address": "68 Gamal Abdel Nasser Road", "district": "Downtown", "opening_hours": "11:00-01:00", "phone": "+20-2-4306-5872", "website": "https://elkarmafseekh.example.com"}, "geometry": {"type": "Point", "coordinates": [31.242286, 30.01381]}}, {"type": "Feature", "properties": {"id": "restaurant_191", "name": "Al Nozha Fseekh", "category": "Restaurant", "address": "216 Abbas El Akkad Street", "district": "Downtown", "opening_hours": "11:00-01:00", "phone": "+20-2-3258-1893", "website": "https://alnozhafseekh.example.com"}, "geometry": {"type": "Point", "coordinates": [31.237147, 29.978294]}}, {"type": "Feature", "properties": {"id": "restaurant_192", "name": "El Shorouk Gelato", "category": "Restaurant", "address": "161 El Thawra Street", "district": "Downtown", "opening_hours": "11:00-01:00", "phone": "+20-2-5934-4271", "website": "https://elshoroukgelato.example.com"}, "geometry": {"type": "Point", "coordinates": [31.240836, 30.004903]}}, {"type": "Feature", "properties": {"id": "restaurant_193", "name": "Al Basma Cafe", "category": "Restaurant", "address": "21 Abbas El Akkad Street", "district": "Downtown", "opening_hours": "11:00-01:00", "phone": "+20-2-8912-2892", "website": "https://albasmacafe.example.com"}, "geometry": {"type": "Point", "coordinates": [31.232942, 29.989369]}}, {"type": "Feature", "properties": {"id": "restaurant_194", "name": "El Tahrir Gelato", "category": "Restaurant", "address": "68 El Nil Street", "district": "Downtown", "opening_hours": "11:00-01:00", "phone": "+20-2-7258-9914", "website": "https://eltahrirgelato.example.com"}, "geometry": {"type": "Point", "coordinates": [31.239266, 30.002782]}}, {"type": "Feature", "properties": {"id": "restaurant_195", "name": "Al Andalus Bistro 3", "category": "Restaurant", "address": "48 Abbas El Akkad Street", "district": "Downtown", "opening_hours": "11:00-01:00", "phone": "+20-2-2365-5313", "website": "https://alandalusbistro3.example.com"}, "geometry": {"type": "Point", "coordinates": [31.241635, 30.00092]}}, {"type": "Feature", "properties": {"id": "restaurant_196", "name": "Al Manar Shawarma", "category": "Restaurant", "address": "16 El Horreya Road", "district": "Downtown", "opening_hours": "11:00-01:00", "phone": "+20-2-8162-2584", "website": "https://almanarshawarma.example.com"}, "geometry": {"type": "Point", "coordinates": [31.243197, 29.993343]}}, {"type": "Feature", "properties": {"id": "restaurant_197", "name": "El Rehab Oriental Kitchen 2", "category": "Restaurant", "address": "194 El Thawra Street", "district": "Downtown", "opening_hours": "11:00-01:00", "phone": "+20-2-3863-1999", "website": "https://elrehaborientalkitchen2.example.com"}, "geometry": {"type": "Point", "coordinates": [31.232604, 29.999003]}}, {"type": "Feature", "properties": {"id": "restaurant_198", "name": "El Gomhoria Fseekh", "category": "Restaurant", "address": "176 El Nasr Road", "district": "Downtown", "opening_hours": "11:00-01:00", "phone": "+20-2-9670-8779", "website": "https://elgomhoriafseekh.example.com"}, "geometry": {"type": "Point", "coordinates": [31.255197, 30.032416]}}, {"type": "Feature", "properties": {"id": "restaurant_199", "name": "El Shorouk Koshary", "category": "Restaurant", "address": "102 El Nasr Road", "district": "Downtown", "opening_hours": "11:00-01:00", "phone": "+20-2-7851-1568", "website": "https://elshoroukkoshary.example.com"}, "geometry": {"type": "Point", "coordinates": [31.247176, 29.991389]}}, {"type": "Feature", "properties": {"id": "restaurant_200", "name": "Al Nozha Gelato 3", "category": "Restaurant", "address": "159 El Horreya Road", "district": "Downtown", "opening_hours": "11:00-01:00", "phone": "+20-2-2985-8357", "website": "https://alnozhagelato3.example.com"}, "geometry": {"type": "Point", "coordinates": [31.245063, 30.038192]}}, {"type": "Feature", "properties": {"id": "restaurant_201", "name": "El Gomhoria Kebab House", "category": "Restaurant", "address": "211 Gamal Abdel Nasser Road", "district": "Industrial Zone", "opening_hours": "11:00-01:00", "phone": "+20-2-3211-5225", "website": "https://elgomhoriakebabhouse.example.com"}, "geometry": {"type": "Point", "coordinates": [31.17502, 30.039687]}}, {"type": "Feature", "properties": {"id": "restaurant_202", "name": "Al Nahda Koshary", "category": "Restaurant", "address": "100 Makram Ebeid Street", "district": "Industrial Zone", "opening_hours": "11:00-01:00", "phone": "+20-2-5255-6343", "website": "https://alnahdakoshary.example.com"}, "geometry": {"type": "Point", "coordinates": [31.172342, 30.023808]}}, {"type": "Feature", "properties": {"id": "restaurant_203", "name": "Al Noor Bakery 2", "category": "Restaurant", "address": "160 El Thawra Street", "district": "Industrial Zone", "opening_hours": "11:00-01:00", "phone": "+20-2-6280-7874", "website": "https://alnoorbakery2.example.com"}, "geometry": {"type": "Point", "coordinates": [31.186215, 30.011197]}}, {"type": "Feature", "properties": {"id": "restaurant_204", "name": "Al Nozha Shawarma", "category": "Restaurant", "address": "150 Port Said Street", "district": "Industrial Zone", "opening_hours": "11:00-01:00", "phone": "+20-2-9903-2641", "website": "https://alnozhashawarma.example.com"}, "geometry": {"type": "Point", "coordinates": [31.166987, 29.988698]}}, {"type": "Feature", "properties": {"id": "restaurant_205", "name": "El Horreya Cafe 2", "category": "Restaurant", "address": "138 Salah Salem Road", "district": "Industrial Zone", "opening_hours": "11:00-01:00", "phone": "+20-2-9191-7732", "website": "https://elhorreyacafe2.example.com"}, "geometry": {"type": "Point", "coordinates": [31.18798, 30.013811]}}, {"type": "Feature", "properties": {"id": "restaurant_206", "name": "Al Nozha Shawarma 2", "category": "Restaurant", "address": "122 El Tahrir Avenue", "district": "Industrial Zone", "opening_hours": "11:00-01:00", "phone": "+20-2-3410-5512", "website": "https://alnozhashawarma2.example.com"}, "geometry": {"type": "Point", "coordinates": [31.170905, 30.019411]}}, {"type": "Feature", "properties": {"id": "restaurant_207", "name": "El Feryal Bakery 2", "category": "Restaurant", "address": "103 El Tahrir Avenue", "district": "Industrial Zone", "opening_hours": "11:00-01:00", "phone": "+20-2-5242-6431", "website": "https://elferyalbakery2.example.com"}, "geometry": {"type": "Point", "coordinates": [31.174493, 30.017189]}}, {"type": "Feature", "properties": {"id": "restaurant_208", "name": "El Tahrir Cafe", "category": "Restaurant", "address": "96 El Tahrir Avenue", "district": "Industrial Zone", "opening_hours": "11:00-01:00", "phone": "+20-2-4767-5965", "website": "https://eltahrircafe.example.com"}, "geometry": {"type": "Point", "coordinates": [31.181923, 29.982597]}}, {"type": "Feature", "properties": {"id": "restaurant_209", "name": "Al Safwa Gelato 2", "category": "Restaurant", "address": "26 El Nasr Road", "district": "Nasr City", "opening_hours": "11:00-01:00", "phone": "+20-2-3867-3201", "website": "https://alsafwagelato2.example.com"}, "geometry": {"type": "Point", "coordinates": [31.206115, 30.030845]}}, {"type": "Feature", "properties": {"id": "restaurant_210", "name": "Al Waha Cafe", "category": "Restaurant", "address": "187 El Merghany Street", "district": "Nasr City", "opening_hours": "11:00-01:00", "phone": "+20-2-6955-2462", "website": "https://alwahacafe.example.com"}, "geometry": {"type": "Point", "coordinates": [31.205844, 30.024818]}}, {"type": "Feature", "properties": {"id": "restaurant_211", "name": "El Gomhoria Bakery", "category": "Restaurant", "address": "125 Port Said Street", "district": "Nasr City", "opening_hours": "11:00-01:00", "phone": "+20-2-6231-7126", "website": "https://elgomhoriabakery.example.com"}, "geometry": {"type": "Point", "coordinates": [31.202936, 29.992453]}}, {"type": "Feature", "properties": {"id": "restaurant_212", "name": "El Fardous Koshary 3", "category": "Restaurant", "address": "80 El Guish Road", "district": "Nasr City", "opening_hours": "11:00-01:00", "phone": "+20-2-6151-7609", "website": "https://elfardouskoshary3.example.com"}, "geometry": {"type": "Point", "coordinates": [31.219295, 30.010928]}}, {"type": "Feature", "properties": {"id": "restaurant_213", "name": "Al Nozha Grill", "category": "Restaurant", "address": "45 Ramses Avenue", "district": "Nasr City", "opening_hours": "11:00-01:00", "phone": "+20-2-9169-4288", "website": "https://alnozhagrill.example.com"}, "geometry": {"type": "Point", "coordinates": [31.201585, 30.031359]}}, {"type": "Feature", "properties": {"id": "restaurant_214", "name": "Al Ahram Grill", "category": "Restaurant", "address": "93 El Guish Road", "district": "Nasr City", "opening_hours": "11:00-01:00", "phone": "+20-2-3631-5488", "website": "https://alahramgrill.example.com"}, "geometry": {"type": "Point", "coordinates": [31.219707, 29.994769]}}, {"type": "Feature", "properties": {"id": "restaurant_215", "name": "Al Andalus Gelato 3", "category": "Restaurant", "address": "32 Gamal Abdel Nasser Road", "district": "Nasr City", "opening_hours": "11:00-01:00", "phone": "+20-2-2250-4963", "website": "https://alandalusgelato3.example.com"}, "geometry": {"type": "Point", "coordinates": [31.207598, 30.007824]}}, {"type": "Feature", "properties": {"id": "restaurant_216", "name": "El Fardous Pizzeria 3", "category": "Restaurant", "address": "151 Makram Ebeid Street", "district": "Nasr City", "opening_hours": "11:00-01:00", "phone": "+20-2-4865-6640", "website": "https://elfardouspizzeria3.example.com"}, "geometry": {"type": "Point", "coordinates": [31.207705, 30.015718]}}, {"type": "Feature", "properties": {"id": "restaurant_217", "name": "El Karma Bakery", "category": "Restaurant", "address": "24 El Ahram Street", "district": "Nasr City", "opening_hours": "11:00-01:00", "phone": "+20-2-2224-7333", "website": "https://elkarmabakery.example.com"}, "geometry": {"type": "Point", "coordinates": [31.202305, 30.033985]}}, {"type": "Feature", "properties": {"id": "restaurant_218", "name": "Al Rahma Kebab House", "category": "Restaurant", "address": "166 Ramses Avenue", "district": "Nasr City", "opening_hours": "11:00-01:00", "phone": "+20-2-7551-4387", "website": "https://alrahmakebabhouse.example.com"}, "geometry": {"type": "Point", "coordinates": [31.199363, 30.031512]}}, {"type": "Feature", "properties": {"id": "restaurant_219", "name": "Al Noor Gelato", "category": "Restaurant", "address": "3 Abbas El Akkad Street", "district": "Nasr City", "opening_hours": "11:00-01:00", "phone": "+20-2-9467-3167", "website": "https://alnoorgelato.example.com"}, "geometry": {"type": "Point", "coordinates": [31.205033, 30.004498]}}, {"type": "Feature", "properties": {"id": "restaurant_220", "name": "Al Noor Kebab House 2", "category": "Restaurant", "address": "65 El Thawra Street", "district": "Downtown", "opening_hours": "11:00-01:00", "phone": "+20-2-8595-6004", "website": "https://alnoorkebabhouse2.example.com"}, "geometry": {"type": "Point", "coordinates": [31.248808, 30.016149]}}, {"type": "Feature", "properties": {"id": "restaurant_221", "name": "Al Manar Oriental Kitchen", "category": "Restaurant", "address": "97 El Nasr Road", "district": "Downtown", "opening_hours": "11:00-01:00", "phone": "+20-2-4856-8520", "website": "https://almanarorientalkitchen.example.com"}, "geometry": {"type": "Point", "coordinates": [31.250497, 30.02273]}}, {"type": "Feature", "properties": {"id": "restaurant_222", "name": "El Feryal Fseekh", "category": "Restaurant", "address": "212 El Thawra Street", "district": "Downtown", "opening_hours": "11:00-01:00", "phone": "+20-2-5253-2676", "website": "https://elferyalfseekh.example.com"}, "geometry": {"type": "Point", "coordinates": [31.238592, 30.007975]}}, {"type": "Feature", "properties": {"id": "restaurant_223", "name": "El Yasmin Fseekh 2", "category": "Restaurant", "address": "166 El Thawra Street", "district": "Downtown", "opening_hours": "11:00-01:00", "phone": "+20-2-6989-5631", "website": "https://elyasminfseekh2.example.com"}, "geometry": {"type": "Point", "coordinates": [31.23227, 30.040365]}}, {"type": "Feature", "properties": {"id": "restaurant_224", "name": "Al Nahda Bistro 2", "category": "Restaurant", "address": "71 Gamal Abdel Nasser Road", "district": "Downtown", "opening_hours": "11:00-01:00", "phone": "+20-2-4663-5536", "website": "https://alnahdabistro2.example.com"}, "geometry": {"type": "Point", "coordinates": [31.239793, 29.986173]}}, {"type": "Feature", "properties": {"id": "restaurant_225", "name": "Al Basma Cafe 2", "category": "Restaurant", "address": "49 El Horreya Road", "district": "Downtown", "opening_hours": "11:00-01:00", "phone": "+20-2-6237-4937", "website": "https://albasmacafe2.example.com"}, "geometry": {"type": "Point", "coordinates": [31.238828, 30.022835]}}, {"type": "Feature", "properties": {"id": "restaurant_226", "name": "El Mostakbal Oriental Kitchen", "category": "Restaurant", "address": "170 Salah Salem Road", "district": "Downtown", "opening_hours": "11:00-01:00", "phone": "+20-2-7576-3292", "website": "https://elmostakbalorientalkitchen.example.com"}, "geometry": {"type": "Point", "coordinates": [31.255328, 30.02857]}}, {"type": "Feature", "properties": {"id": "restaurant_227", "name": "El Shorouk Cafe 4", "category": "Restaurant", "address": "108 El Merghany Street", "district": "Downtown", "opening_hours": "11:00-01:00", "phone": "+20-2-5180-1578", "website": "https://elshoroukcafe4.example.com"}, "geometry": {"type": "Point", "coordinates": [31.250718, 30.019448]}}, {"type": "Feature", "properties": {"id": "restaurant_228", "name": "Al Rahma Bistro", "category": "Restaurant", "address": "186 El Guish Road", "district": "Downtown", "opening_hours": "11:00-01:00", "phone": "+20-2-3821-9759", "website": "https://alrahmabistro.example.com"}, "geometry": {"type": "Point", "coordinates": [31.247145, 30.040081]}}, {"type": "Feature", "properties": {"id": "restaurant_229", "name": "El Feryal Bistro 2", "category": "Restaurant", "address": "130 El Ahram Street", "district": "Downtown", "opening_hours": "11:00-01:00", "phone": "+20-2-8925-3785", "website": "https://elferyalbistro2.example.com"}, "geometry": {"type": "Point", "coordinates": [31.248574, 30.008525]}}, {"type": "Feature", "properties": {"id": "restaurant_230", "name": "El Fardous Cafe", "category": "Restaurant", "address": "25 Abbas El Akkad Street", "district": "Nile Riverside", "opening_hours": "11:00-01:00", "phone": "+20-2-3048-5237", "website": "https://elfardouscafe.example.com"}, "geometry": {"type": "Point", "coordinates": [31.287802, 30.032891]}}, {"type": "Feature", "properties": {"id": "restaurant_231", "name": "El Fardous Gelato", "category": "Restaurant", "address": "86 Gamal Abdel Nasser Road", "district": "Nile Riverside", "opening_hours": "11:00-01:00", "phone": "+20-2-2731-4641", "website": "https://elfardousgelato.example.com"}, "geometry": {"type": "Point", "coordinates": [31.284819, 30.013589]}}, {"type": "Feature", "properties": {"id": "restaurant_232", "name": "El Shorouk Oriental Kitchen 2", "category": "Restaurant", "address": "202 Salah Salem Road", "district": "Nile Riverside", "opening_hours": "11:00-01:00", "phone": "+20-2-5044-5269", "website": "https://elshoroukorientalkitchen2.example.com"}, "geometry": {"type": "Point", "coordinates": [31.275261, 30.024848]}}, {"type": "Feature", "properties": {"id": "restaurant_233", "name": "El Horreya Pizzeria", "category": "Restaurant", "address": "14 El Nasr Road", "district": "Nile Riverside", "opening_hours": "11:00-01:00", "phone": "+20-2-7196-2166", "website": "https://elhorreyapizzeria.example.com"}, "geometry": {"type": "Point", "coordinates": [31.281211, 30.007797]}}, {"type": "Feature", "properties": {"id": "restaurant_234", "name": "El Horreya Gelato 2", "category": "Restaurant", "address": "98 Makram Ebeid Street", "district": "Nile Riverside", "opening_hours": "11:00-01:00", "phone": "+20-2-4444-7768", "website": "https://elhorreyagelato2.example.com"}, "geometry": {"type": "Point", "coordinates": [31.278282, 29.991428]}}, {"type": "Feature", "properties": {"id": "restaurant_235", "name": "Al Amal Kebab House", "category": "Restaurant", "address": "88 El Merghany Street", "district": "Nile Riverside", "opening_hours": "11:00-01:00", "phone": "+20-2-6664-8496", "website": "https://alamalkebabhouse.example.com"}, "geometry": {"type": "Point", "coordinates": [31.267477, 30.031538]}}, {"type": "Feature", "properties": {"id": "restaurant_236", "name": "El Fardous Koshary 4", "category": "Restaurant", "address": "125 Salah Salem Road", "district": "Nile Riverside", "opening_hours": "11:00-01:00", "phone": "+20-2-7169-3897", "website": "https://elfardouskoshary4.example.com"}, "geometry": {"type": "Point", "coordinates": [31.269781, 30.032034]}}, {"type": "Feature", "properties": {"id": "restaurant_237", "name": "Al Ahram Cafe 2", "category": "Restaurant", "address": "54 Port Said Street", "district": "Nile Riverside", "opening_hours": "11:00-01:00", "phone": "+20-2-8336-3762", "website": "https://alahramcafe2.example.com"}, "geometry": {"type": "Point", "coordinates": [31.274179, 29.983127]}}, {"type": "Feature", "properties": {"id": "restaurant_238", "name": "Al Nahda Seafood", "category": "Restaurant", "address": "158 El Merghany Street", "district": "Nile Riverside", "opening_hours": "11:00-01:00", "phone": "+20-2-7189-8035", "website": "https://alnahdaseafood.example.com"}, "geometry": {"type": "Point", "coordinates": [31.280971, 29.989233]}}, {"type": "Feature", "properties": {"id": "restaurant_239", "name": "Al Andalus Grill", "category": "Restaurant", "address": "10 Makram Ebeid Street", "district": "Nile Riverside", "opening_hours": "11:00-01:00", "phone": "+20-2-3633-7112", "website": "https://alandalusgrill.example.com"}, "geometry": {"type": "Point", "coordinates": [31.276504, 30.038292]}}, {"type": "Feature", "properties": {"id": "restaurant_240", "name": "Al Zahraa Kebab House 3", "category": "Restaurant", "address": "5 Gamal Abdel Nasser Road", "district": "Nile Riverside", "opening_hours": "11:00-01:00", "phone": "+20-2-2033-5076", "website": "https://alzahraakebabhouse3.example.com"}, "geometry": {"type": "Point", "coordinates": [31.29063, 30.033834]}}, {"type": "Feature", "properties": {"id": "restaurant_241", "name": "El Shorouk Seafood", "category": "Restaurant", "address": "27 El Merghany Street", "district": "Nile Riverside", "opening_hours": "11:00-01:00", "phone": "+20-2-6123-6015", "website": "https://elshoroukseafood.example.com"}, "geometry": {"type": "Point", "coordinates": [31.271927, 30.032921]}}, {"type": "Feature", "properties": {"id": "restaurant_242", "name": "El Shorouk Cafe 5", "category": "Restaurant", "address": "117 El Guish Road", "district": "Nile Riverside", "opening_hours": "11:00-01:00", "phone": "+20-2-6262-9587", "website": "https://elshoroukcafe5.example.com"}, "geometry": {"type": "Point", "coordinates": [31.270396, 30.02969]}}, {"type": "Feature", "properties": {"id": "restaurant_243", "name": "Al Amal Bistro 2", "category": "Restaurant", "address": "126 Salah Salem Road", "district": "New Cairo Heights", "opening_hours": "11:00-01:00", "phone": "+20-2-8144-4087", "website": "https://alamalbistro2.example.com"}, "geometry": {"type": "Point", "coordinates": [31.30881, 30.033589]}}, {"type": "Feature", "properties": {"id": "restaurant_244", "name": "Al Andalus Grill 2", "category": "Restaurant", "address": "59 Ramses Avenue", "district": "New Cairo Heights", "opening_hours": "11:00-01:00", "phone": "+20-2-7956-3149", "website": "https://alandalusgrill2.example.com"}, "geometry": {"type": "Point", "coordinates": [31.304341, 30.034739]}}, {"type": "Feature", "properties": {"id": "restaurant_245", "name": "Al Zahraa Seafood", "category": "Restaurant", "address": "32 Salah Salem Road", "district": "New Cairo Heights", "opening_hours": "11:00-01:00", "phone": "+20-2-7825-1612", "website": "https://alzahraaseafood.example.com"}, "geometry": {"type": "Point", "coordinates": [31.305537, 29.980932]}}, {"type": "Feature", "properties": {"id": "restaurant_246", "name": "El Rehab Shawarma", "category": "Restaurant", "address": "13 El Thawra Street", "district": "New Cairo Heights", "opening_hours": "11:00-01:00", "phone": "+20-2-2392-2771", "website": "https://elrehabshawarma.example.com"}, "geometry": {"type": "Point", "coordinates": [31.309775, 30.018532]}}, {"type": "Feature", "properties": {"id": "restaurant_247", "name": "Al Safwa Koshary", "category": "Restaurant", "address": "107 Abbas El Akkad Street", "district": "New Cairo Heights", "opening_hours": "11:00-01:00", "phone": "+20-2-5115-3024", "website": "https://alsafwakoshary.example.com"}, "geometry": {"type": "Point", "coordinates": [31.316968, 29.9808]}}, {"type": "Feature", "properties": {"id": "restaurant_248", "name": "Al Amal Kebab House 2", "category": "Restaurant", "address": "178 Gamal Abdel Nasser Road", "district": "New Cairo Heights", "opening_hours": "11:00-01:00", "phone": "+20-2-7163-1152", "website": "https://alamalkebabhouse2.example.com"}, "geometry": {"type": "Point", "coordinates": [31.314222, 30.008443]}}, {"type": "Feature", "properties": {"id": "restaurant_249", "name": "El Feryal Fseekh 2", "category": "Restaurant", "address": "70 El Thawra Street", "district": "New Cairo Heights", "opening_hours": "11:00-01:00", "phone": "+20-2-6961-3247", "website": "https://elferyalfseekh2.example.com"}, "geometry": {"type": "Point", "coordinates": [31.307861, 30.019829]}}, {"type": "Feature", "properties": {"id": "restaurant_250", "name": "Al Zahraa Bakery", "category": "Restaurant", "address": "159 El Nil Street", "district": "Helwan Gardens", "opening_hours": "11:00-01:00", "phone": "+20-2-4315-2867", "website": "https://alzahraabakery.example.com"}, "geometry": {"type": "Point", "coordinates": [31.174902, 30.114236]}}, {"type": "Feature", "properties": {"id": "restaurant_251", "name": "El Mostakbal Kebab House 2", "category": "Restaurant", "address": "200 El Ahram Street", "district": "Helwan Gardens", "opening_hours": "11:00-01:00", "phone": "+20-2-8811-9571", "website": "https://elmostakbalkebabhouse2.example.com"}, "geometry": {"type": "Point", "coordinates": [31.184358, 30.089863]}}, {"type": "Feature", "properties": {"id": "restaurant_252", "name": "El Gomhoria Cafe 2", "category": "Restaurant", "address": "42 El Tahrir Avenue", "district": "Helwan Gardens", "opening_hours": "11:00-01:00", "phone": "+20-2-6490-9132", "website": "https://elgomhoriacafe2.example.com"}, "geometry": {"type": "Point", "coordinates": [31.189225, 30.081362]}}, {"type": "Feature", "properties": {"id": "restaurant_253", "name": "El Tahrir Bistro", "category": "Restaurant", "address": "61 El Tahrir Avenue", "district": "Helwan Gardens", "opening_hours": "11:00-01:00", "phone": "+20-2-2104-2458", "website": "https://eltahrirbistro.example.com"}, "geometry": {"type": "Point", "coordinates": [31.187604, 30.101443]}}, {"type": "Feature", "properties": {"id": "restaurant_254", "name": "El Feryal Pizzeria", "category": "Restaurant", "address": "39 El Nil Street", "district": "Helwan Gardens", "opening_hours": "11:00-01:00", "phone": "+20-2-8385-9383", "website": "https://elferyalpizzeria.example.com"}, "geometry": {"type": "Point", "coordinates": [31.187514, 30.110382]}}, {"type": "Feature", "properties": {"id": "restaurant_255", "name": "Al Manar Gelato", "category": "Restaurant", "address": "60 Abbas El Akkad Street", "district": "Helwan Gardens", "opening_hours": "11:00-01:00", "phone": "+20-2-4425-5327", "website": "https://almanargelato.example.com"}, "geometry": {"type": "Point", "coordinates": [31.166019, 30.103593]}}, {"type": "Feature", "properties": {"id": "restaurant_256", "name": "El Fardous Grill", "category": "Restaurant", "address": "219 El Ahram Street", "district": "Helwan Gardens", "opening_hours": "11:00-01:00", "phone": "+20-2-4950-6123", "website": "https://elfardousgrill.example.com"}, "geometry": {"type": "Point", "coordinates": [31.176077, 30.065668]}}, {"type": "Feature", "properties": {"id": "restaurant_257", "name": "El Salam Grill 2", "category": "Restaurant", "address": "219 El Horreya Road", "district": "Helwan Gardens", "opening_hours": "11:00-01:00", "phone": "+20-2-7434-3793", "website": "https://elsalamgrill2.example.com"}, "geometry": {"type": "Point", "coordinates": [31.175088, 30.066647]}}, {"type": "Feature", "properties": {"id": "restaurant_258", "name": "El Mostakbal Cafe", "category": "Restaurant", "address": "188 El Nil Street", "district": "Helwan Gardens", "opening_hours": "11:00-01:00", "phone": "+20-2-5052-6615", "website": "https://elmostakbalcafe.example.com"}, "geometry": {"type": "Point", "coordinates": [31.172573, 30.113987]}}, {"type": "Feature", "properties": {"id": "restaurant_259", "name": "Al Ahram Cafe 3", "category": "Restaurant", "address": "214 El Merghany Street", "district": "Helwan Gardens", "opening_hours": "11:00-01:00", "phone": "+20-2-7651-8835", "website": "https://alahramcafe3.example.com"}, "geometry": {"type": "Point", "coordinates": [31.168805, 30.083967]}}, {"type": "Feature", "properties": {"id": "restaurant_260", "name": "El Fardous Koshary 5", "category": "Restaurant", "address": "34 El Guish Road", "district": "Helwan Gardens", "opening_hours": "11:00-01:00", "phone": "+20-2-7950-1960", "website": "https://elfardouskoshary5.example.com"}, "geometry": {"type": "Point", "coordinates": [31.184749, 30.09905]}}, {"type": "Feature", "properties": {"id": "restaurant_261", "name": "El Horreya Oriental Kitchen 2", "category": "Restaurant", "address": "152 Abbas El Akkad Street", "district": "University District", "opening_hours": "11:00-01:00", "phone": "+20-2-8572-8178", "website": "https://elhorreyaorientalkitchen2.example.com"}, "geometry": {"type": "Point", "coordinates": [31.223444, 30.110936]}}, {"type": "Feature", "properties": {"id": "restaurant_262", "name": "El Yasmin Shawarma 3", "category": "Restaurant", "address": "8 El Nasr Road", "district": "University District", "opening_hours": "11:00-01:00", "phone": "+20-2-7607-3140", "website": "https://elyasminshawarma3.example.com"}, "geometry": {"type": "Point", "coordinates": [31.202764, 30.082689]}}, {"type": "Feature", "properties": {"id": "restaurant_263", "name": "El Gomhoria Pizzeria", "category": "Restaurant", "address": "12 El Nil Street", "district": "University District", "opening_hours": "11:00-01:00", "phone": "+20-2-4143-6148", "website": "https://elgomhoriapizzeria.example.com"}, "geometry": {"type": "Point", "coordinates": [31.210563, 30.089278]}}, {"type": "Feature", "properties": {"id": "restaurant_264", "name": "Al Zahraa Bakery 2", "category": "Restaurant", "address": "148 El Guish Road", "district": "University District", "opening_hours": "11:00-01:00", "phone": "+20-2-6628-4669", "website": "https://alzahraabakery2.example.com"}, "geometry": {"type": "Point", "coordinates": [31.198399, 30.112395]}}, {"type": "Feature", "properties": {"id": "restaurant_265", "name": "Al Waha Fseekh 3", "category": "Restaurant", "address": "134 El Guish Road", "district": "University District", "opening_hours": "11:00-01:00", "phone": "+20-2-7739-2560", "website": "https://alwahafseekh3.example.com"}, "geometry": {"type": "Point", "coordinates": [31.223349, 30.100327]}}, {"type": "Feature", "properties": {"id": "restaurant_266", "name": "El Tahrir Bistro 2", "category": "Restaurant", "address": "170 Gamal Abdel Nasser Road", "district": "University District", "opening_hours": "11:00-01:00", "phone": "+20-2-7254-7305", "website": "https://eltahrirbistro2.example.com"}, "geometry": {"type": "Point", "coordinates": [31.209265, 30.10378]}}, {"type": "Feature", "properties": {"id": "restaurant_267", "name": "El Mostakbal Grill 2", "category": "Restaurant", "address": "3 Gamal Abdel Nasser Road", "district": "University District", "opening_hours": "11:00-01:00", "phone": "+20-2-9654-3571", "website": "https://elmostakbalgrill2.example.com"}, "geometry": {"type": "Point", "coordinates": [31.201921, 30.109847]}}, {"type": "Feature", "properties": {"id": "restaurant_268", "name": "El Tahrir Seafood 2", "category": "Restaurant", "address": "20 Port Said Street", "district": "Old Town", "opening_hours": "11:00-01:00", "phone": "+20-2-6027-6253", "website": "https://eltahrirseafood2.example.com"}, "geometry": {"type": "Point", "coordinates": [31.245144, 30.088133]}}, {"type": "Feature", "properties": {"id": "restaurant_269", "name": "El Salam Fseekh 3", "category": "Restaurant", "address": "58 Makram Ebeid Street", "district": "Old Town", "opening_hours": "11:00-01:00", "phone": "+20-2-7270-7203", "website": "https://elsalamfseekh3.example.com"}, "geometry": {"type": "Point", "coordinates": [31.238305, 30.118585]}}, {"type": "Feature", "properties": {"id": "restaurant_270", "name": "Al Ahram Pizzeria 2", "category": "Restaurant", "address": "206 El Thawra Street", "district": "Old Town", "opening_hours": "11:00-01:00", "phone": "+20-2-5670-2442", "website": "https://alahrampizzeria2.example.com"}, "geometry": {"type": "Point", "coordinates": [31.242501, 30.073888]}}, {"type": "Feature", "properties": {"id": "restaurant_271", "name": "El Horreya Pizzeria 2", "category": "Restaurant", "address": "191 Gamal Abdel Nasser Road", "district": "Old Town", "opening_hours": "11:00-01:00", "phone": "+20-2-2145-2681", "website": "https://elhorreyapizzeria2.example.com"}, "geometry": {"type": "Point", "coordinates": [31.254214, 30.086782]}}, {"type": "Feature", "properties": {"id": "restaurant_272", "name": "El Rehab Grill", "category": "Restaurant", "address": "212 El Nil Street", "district": "Old Town", "opening_hours": "11:00-01:00", "phone": "+20-2-8486-5990", "website": "https://elrehabgrill.example.com"}, "geometry": {"type": "Point", "coordinates": [31.242505, 30.061779]}}, {"type": "Feature", "properties": {"id": "restaurant_273", "name": "Al Basma Gelato 3", "category": "Restaurant", "address": "117 Salah Salem Road", "district": "Old Town", "opening_hours": "11:00-01:00", "phone": "+20-2-4976-1889", "website": "https://albasmagelato3.example.com"}, "geometry": {"type": "Point", "coordinates": [31.25508, 30.09379]}}, {"type": "Feature", "properties": {"id": "restaurant_274", "name": "Al Waha Fseekh 4", "category": "Restaurant", "address": "197 El Thawra Street", "district": "Old Town", "opening_hours": "11:00-01:00", "phone": "+20-2-6914-8751", "website": "https://alwahafseekh4.example.com"}, "geometry": {"type": "Point", "coordinates": [31.253181, 30.110935]}}, {"type": "Feature", "properties": {"id": "restaurant_275", "name": "Al Ahram Koshary", "category": "Restaurant", "address": "25 Port Said Street", "district": "Old Town", "opening_hours": "11:00-01:00", "phone": "+20-2-7397-4633", "website": "https://alahramkoshary.example.com"}, "geometry": {"type": "Point", "coordinates": [31.250598, 30.081688]}}, {"type": "Feature", "properties": {"id": "restaurant_276", "name": "Al Basma Cafe 3", "category": "Restaurant", "address": "141 Makram Ebeid Street", "district": "Old Town", "opening_hours": "11:00-01:00", "phone": "+20-2-5062-2741", "website": "https://albasmacafe3.example.com"}, "geometry": {"type": "Point", "coordinates": [31.232137, 30.081192]}}, {"type": "Feature", "properties": {"id": "restaurant_277", "name": "Al Amal Bakery 3", "category": "Restaurant", "address": "191 El Guish Road", "district": "Old Town", "opening_hours": "11:00-01:00", "phone": "+20-2-5352-2752", "website": "https://alamalbakery3.example.com"}, "geometry": {"type": "Point", "coordinates": [31.233263, 30.069581]}}, {"type": "Feature", "properties": {"id": "restaurant_278", "name": "El Horreya Oriental Kitchen 3", "category": "Restaurant", "address": "56 Abbas El Akkad Street", "district": "Old Town", "opening_hours": "11:00-01:00", "phone": "+20-2-8754-4122", "website": "https://elhorreyaorientalkitchen3.example.com"}, "geometry": {"type": "Point", "coordinates": [31.238651, 30.071512]}}, {"type": "Feature", "properties": {"id": "restaurant_279", "name": "El Gomhoria Grill 2", "category": "Restaurant", "address": "163 El Nasr Road", "district": "Zamalek Isle", "opening_hours": "11:00-01:00", "phone": "+20-2-7506-3018", "website": "https://elgomhoriagrill2.example.com"}, "geometry": {"type": "Point", "coordinates": [31.284602, 30.066152]}}, {"type": "Feature", "properties": {"id": "restaurant_280", "name": "El Feryal Shawarma 2", "category": "Restaurant", "address": "130 El Horreya Road", "district": "Zamalek Isle", "opening_hours": "11:00-01:00", "phone": "+20-2-9895-9172", "website": "https://elferyalshawarma2.example.com"}, "geometry": {"type": "Point", "coordinates": [31.286032, 30.086991]}}, {"type": "Feature", "properties": {"id": "restaurant_281", "name": "El Rehab Oriental Kitchen 3", "category": "Restaurant", "address": "215 El Thawra Street", "district": "Zamalek Isle", "opening_hours": "11:00-01:00", "phone": "+20-2-5956-9328", "website": "https://elrehaborientalkitchen3.example.com"}, "geometry": {"type": "Point", "coordinates": [31.266192, 30.104362]}}, {"type": "Feature", "properties": {"id": "restaurant_282", "name": "Al Safwa Shawarma 2", "category": "Restaurant", "address": "45 El Guish Road", "district": "Zamalek Isle", "opening_hours": "11:00-01:00", "phone": "+20-2-8678-3103", "website": "https://alsafwashawarma2.example.com"}, "geometry": {"type": "Point", "coordinates": [31.286263, 30.114939]}}, {"type": "Feature", "properties": {"id": "restaurant_283", "name": "El Mostakbal Bistro", "category": "Restaurant", "address": "130 El Merghany Street", "district": "Zamalek Isle", "opening_hours": "11:00-01:00", "phone": "+20-2-5429-5067", "website": "https://elmostakbalbistro.example.com"}, "geometry": {"type": "Point", "coordinates": [31.268756, 30.099577]}}, {"type": "Feature", "properties": {"id": "restaurant_284", "name": "El Shorouk Pizzeria 2", "category": "Restaurant", "address": "207 El Horreya Road", "district": "Zamalek Isle", "opening_hours": "11:00-01:00", "phone": "+20-2-3131-7762", "website": "https://elshoroukpizzeria2.example.com"}, "geometry": {"type": "Point", "coordinates": [31.27315, 30.118186]}}, {"type": "Feature", "properties": {"id": "restaurant_285", "name": "Al Zahraa Cafe", "category": "Restaurant", "address": "216 El Guish Road", "district": "Zamalek Isle", "opening_hours": "11:00-01:00", "phone": "+20-2-6487-6143", "website": "https://alzahraacafe.example.com"}, "geometry": {"type": "Point", "coordinates": [31.281649, 30.113495]}}, {"type": "Feature", "properties": {"id": "restaurant_286", "name": "Al Basma Kebab House", "category": "Restaurant", "address": "52 Ramses Avenue", "district": "Zamalek Isle", "opening_hours": "11:00-01:00", "phone": "+20-2-7113-5760", "website": "https://albasmakebabhouse.example.com"}, "geometry": {"type": "Point", "coordinates": [31.284475, 30.116479]}}, {"type": "Feature", "properties": {"id": "restaurant_287", "name": "Al Amal Bakery 4", "category": "Restaurant", "address": "167 El Horreya Road", "district": "Zamalek Isle", "opening_hours": "11:00-01:00", "phone": "+20-2-6127-9888", "website": "https://alamalbakery4.example.com"}, "geometry": {"type": "Point", "coordinates": [31.283822, 30.115608]}}, {"type": "Feature", "properties": {"id": "restaurant_288", "name": "El Horreya Bistro", "category": "Restaurant", "address": "144 Abbas El Akkad Street", "district": "Zamalek Isle", "opening_hours": "11:00-01:00", "phone": "+20-2-6774-7839", "website": "https://elhorreyabistro.example.com"}, "geometry": {"type": "Point", "coordinates": [31.284021, 30.079201]}}, {"type": "Feature", "properties": {"id": "restaurant_289", "name": "El Rehab Cafe 2", "category": "Restaurant", "address": "217 El Merghany Street", "district": "Zamalek Isle", "opening_hours": "11:00-01:00", "phone": "+20-2-8621-1209", "website": "https://elrehabcafe2.example.com"}, "geometry": {"type": "Point", "coordinates": [31.283502, 30.113947]}}, {"type": "Feature", "properties": {"id": "restaurant_290", "name": "Al Amal Grill 2", "category": "Restaurant", "address": "172 El Tahrir Avenue", "district": "Maadi Gardens", "opening_hours": "11:00-01:00", "phone": "+20-2-3637-5374", "website": "https://alamalgrill2.example.com"}, "geometry": {"type": "Point", "coordinates": [31.313587, 30.061137]}}, {"type": "Feature", "properties": {"id": "restaurant_291", "name": "El Shorouk Gelato 2", "category": "Restaurant", "address": "65 El Horreya Road", "district": "Maadi Gardens", "opening_hours": "11:00-01:00", "phone": "+20-2-8876-2016", "website": "https://elshoroukgelato2.example.com"}, "geometry": {"type": "Point", "coordinates": [31.319465, 30.069385]}}, {"type": "Feature", "properties": {"id": "restaurant_292", "name": "El Rehab Grill 2", "category": "Restaurant", "address": "92 El Nasr Road", "district": "Maadi Gardens", "opening_hours": "11:00-01:00", "phone": "+20-2-5707-2679", "website": "https://elrehabgrill2.example.com"}, "geometry": {"type": "Point", "coordinates": [31.317925, 30.077545]}}, {"type": "Feature", "properties": {"id": "restaurant_293", "name": "El Rehab Kebab House 3", "category": "Restaurant", "address": "191 Gamal Abdel Nasser Road", "district": "Maadi Gardens", "opening_hours": "11:00-01:00", "phone": "+20-2-6597-7371", "website": "https://elrehabkebabhouse3.example.com"}, "geometry": {"type": "Point", "coordinates": [31.316, 30.100672]}}, {"type": "Feature", "properties": {"id": "restaurant_294", "name": "Al Safwa Cafe", "category": "Restaurant", "address": "178 Gamal Abdel Nasser Road", "district": "Maadi Gardens", "opening_hours": "11:00-01:00", "phone": "+20-2-2384-7251", "website": "https://alsafwacafe.example.com"}, "geometry": {"type": "Point", "coordinates": [31.306219, 30.107286]}}, {"type": "Feature", "properties": {"id": "restaurant_295", "name": "El Feryal Bistro 3", "category": "Restaurant", "address": "142 El Tahrir Avenue", "district": "Maadi Gardens", "opening_hours": "11:00-01:00", "phone": "+20-2-2106-5117", "website": "https://elferyalbistro3.example.com"}, "geometry": {"type": "Point", "coordinates": [31.310094, 30.117767]}}, {"type": "Feature", "properties": {"id": "restaurant_296", "name": "Al Ahram Kebab House 2", "category": "Restaurant", "address": "163 El Guish Road", "district": "Maadi Gardens", "opening_hours": "11:00-01:00", "phone": "+20-2-7812-7025", "website": "https://alahramkebabhouse2.example.com"}, "geometry": {"type": "Point", "coordinates": [31.305328, 30.112426]}}, {"type": "Feature", "properties": {"id": "restaurant_297", "name": "El Mostakbal Kebab House 3", "category": "Restaurant", "address": "199 El Guish Road", "district": "Maadi Gardens", "opening_hours": "11:00-01:00", "phone": "+20-2-9899-4170", "website": "https://elmostakbalkebabhouse3.example.com"}, "geometry": {"type": "Point", "coordinates": [31.319592, 30.092834]}}, {"type": "Feature", "properties": {"id": "restaurant_298", "name": "El Feryal Koshary", "category": "Restaurant", "address": "48 El Horreya Road", "district": "Maadi Gardens", "opening_hours": "11:00-01:00", "phone": "+20-2-8021-9418", "website": "https://elferyalkoshary.example.com"}, "geometry": {"type": "Point", "coordinates": [31.307682, 30.070387]}}, {"type": "Feature", "properties": {"id": "restaurant_299", "name": "Al Manar Fseekh 3", "category": "Restaurant", "address": "68 El Horreya Road", "district": "Maadi Gardens", "opening_hours": "11:00-01:00", "phone": "+20-2-3318-5178", "website": "https://almanarfseekh3.example.com"}, "geometry": {"type": "Point", "coordinates": [31.303164, 30.062071]}}, {"type": "Feature", "properties": {"id": "restaurant_300", "name": "Al Amal Grill 3", "category": "Restaurant", "address": "40 Salah Salem Road", "district": "Maadi Gardens", "opening_hours": "11:00-01:00", "phone": "+20-2-6889-1833", "website": "https://alamalgrill3.example.com"}, "geometry": {"type": "Point", "coordinates": [31.300226, 30.087953]}}]}